scenario,year,real_estate_mode,re_opening_nav,re_gross_asset_value,re_debt_balance,re_assumed_liabilities,re_net_equity_value,re_noi_yield,re_noi,gross_rent,re_debt_service,re_capex,re_dscr,re_prior_refi_liability,re_ending_refi_liability,re_max_debt_supported,re_cash_out_before_refi_costs,re_refi_costs,re_refi_capacity,re_refi_proceeds_from_deals,re_free_cashflow_after_debt_and_capex,re_cashflow_shortfall,active_deal_count,acquisition_starting_retained_cash,acquisition_starting_reserve,acquisition_new_deal_equity_required,acquisition_funded_from_initial_lp_capital,acquisition_funded_from_retained_cash,acquisition_funded_from_reserve,acquisition_failed_loss,acquisition_unfunded_shortfall,acquisition_ending_retained_cash,acquisition_ending_reserve,acquisition_funding_source,re_asset_mgmt_fee,net_re_cashflow,re_cashflow_generated,re_cashflow_to_lp,re_cashflow_to_hf,re_cashflow_to_reserve,re_appreciation_rate,re_closing_nav,hf_opening_nav,hf_return,hf_harvest,hf_harvest_generated,hf_harvest_to_lp,hf_harvest_to_hf,hf_harvest_to_reserve,hf_closing_nav,refinance_proceeds,refinance_use_of_proceeds,cumulative_refinance_proceeds,refinance_liability,reserve_opening_nav,reserve_closing_nav,retained_cash,lp_cash_yield_target,lp_cash_yield_paid,lp_cash_yield_shortfall,cumulative_lp_cash_yield_shortfall,lp_cash_yield_coverage_ratio,cumulative_reinvested_into_hf,cumulative_cash_distributed_to_lp,cumulative_cash_added_to_reserve,hf_reinvestment_source_re,hf_reinvestment_source_hf,total_cash_reinvested,total_cash_distributed,total_cash_reserved,lp_distribution,lp_cumulative_distribution,lp_remaining_hurdle,economic_hurdle_passed,liquidity_available,liquidity_hurdle_passed,hurdle_trigger_eligible,hurdle_trigger_attempted,hurdle_trigger_executed,hurdle_trigger_required_cash,trigger_cash_from_retained_cash,trigger_cash_from_reserve,trigger_cash_from_hf_liquidation,trigger_cash_from_refi,trigger_cash_from_re_sale,lp_hurdle_shortfall_after_trigger,hf_nav_liquidated_for_hurdle,refi_proceeds_for_hurdle,re_nav_sold_for_hurdle,covenant_hf_injection,gp_fees,gp_cumulative_fees,gp_residual_nav,fund_nav,event_flag
base_hit_everyone_happy,1,top_down,8500000.0,8840000.0,0.0,0.0,8840000.0,0.075,637500.0,1020000.0,0.0,0.0,,0.0,0.0,0.0,0.0,0.0,0.0,0.0,606900.0,0.0,0,0.0,500000.0,0.0,0.0,0.0,0.0,0.0,0.0,0.0,500000.0,,30600.0,606900.0,606900.0,60690.0,455175.0,91035.0,0.04,8840000.0,1000000.0,0.3,0.0,0.0,0.0,0.0,0.0,1755175.0,0.0,,0.0,0.0,500000.0,591035.0,0.0,0.0,0.0,0.0,0.0,,455175.0,60690.0,91035.0,455175.0,0.0,455175.0,60690.0,91035.0,60690.0,60690.0,19939310.0,False,4556210.0,False,False,False,False,19939310.0,0.0,0.0,0.0,0.0,0.0,19939310.0,0.0,0.0,0.0,0.0,30600.0,30600.0,0.0,11186210.0,
base_hit_everyone_happy,2,top_down,8840000.0,9193600.0,0.0,0.0,9193600.0,0.07687499999999999,679574.9999999999,1060800.0,0.0,0.0,,0.0,0.0,0.0,0.0,0.0,0.0,0.0,647750.9999999999,0.0,0,0.0,591035.0,0.0,0.0,0.0,0.0,0.0,0.0,0.0,591035.0,,31824.0,647750.9999999999,647750.9999999999,64775.09999999999,485813.2499999999,97162.64999999998,0.04,9193600.0,1755175.0,0.15,0.0,0.0,0.0,0.0,0.0,2504264.4999999995,0.0,,0.0,0.0,591035.0,688197.65,0.0,0.0,0.0,0.0,0.0,,940988.2499999999,125465.09999999999,188197.64999999997,485813.2499999999,0.0,485813.2499999999,64775.09999999999,97162.64999999998,64775.09999999999,125465.09999999999,19874534.9,False,5490862.149999999,False,False,False,False,19874534.9,0.0,0.0,0.0,0.0,0.0,19874534.9,0.0,0.0,0.0,0.0,31824.0,62424.0,0.0,12386062.15,
base_hit_everyone_happy,3,top_down,9193600.0,9561344.0,0.0,0.0,9561344.0,0.07879687499999999,724426.9499999998,1103232.0,0.0,0.0,,0.0,0.0,0.0,0.0,0.0,0.0,0.0,691329.9899999999,0.0,0,0.0,688197.65,0.0,0.0,0.0,0.0,0.0,0.0,0.0,688197.65,,33096.96,691329.9899999999,691329.9899999999,69132.999,518497.49249999993,103699.49849999997,0.04,9561344.0,2504264.4999999995,0.35,0.0,0.0,0.0,0.0,0.0,3899254.5675,0.0,,0.0,0.0,688197.65,791897.1485,0.0,0.0,0.0,0.0,0.0,,1459485.7424999997,194598.099,291897.14849999995,518497.49249999993,0.0,518497.49249999993,69132.999,103699.49849999997,69132.999,194598.099,19805401.901,False,7081487.716,False,False,False,False,19805401.901,0.0,0.0,0.0,0.0,0.0,19805401.901,0.0,0.0,0.0,0.0,33096.96,95520.95999999999,0.0,14252495.715999998,
base_hit_everyone_happy,4,top_down,9561344.0,9943797.76,0.0,0.0,9943797.76,0.08076679687499998,772239.1286999998,1147361.28,0.0,0.0,,0.0,0.0,0.0,0.0,0.0,0.0,0.0,737818.2902999998,0.0,0,0.0,791897.1485,0.0,0.0,0.0,0.0,0.0,0.0,0.0,791897.1485,,34420.8384,737818.2902999998,737818.2902999998,73781.82902999998,553363.7177249999,110672.74354499996,0.04,9943797.76,3899254.5675,0.12,0.0,0.0,0.0,0.0,0.0,4920528.8333250005,0.0,,0.0,0.0,791897.1485,902569.892045,0.0,0.0,0.0,0.0,0.0,,2012849.4602249996,268379.92802999995,402569.8920449999,553363.7177249999,0.0,553363.7177249999,73781.82902999998,110672.74354499996,73781.82902999998,268379.92802999995,19731620.07197,False,8309048.1653700005,False,False,False,False,19731620.07197,0.0,0.0,0.0,0.0,0.0,19731620.07197,0.0,0.0,0.0,0.0,34420.8384,129941.7984,0.0,15766896.48537,
base_hit_everyone_happy,5,top_down,9943797.76,10341549.6704,0.0,0.0,10341549.6704,0.08278596679687496,823206.9111941996,1193255.7312,0.0,0.0,,0.0,0.0,0.0,0.0,0.0,0.0,0.0,787409.2392581996,0.0,0,0.0,902569.892045,0.0,0.0,0.0,0.0,0.0,0.0,0.0,902569.892045,,35797.671936,787409.2392581996,787409.2392581996,78740.92392581997,590556.9294436497,118111.38588872993,0.04,10341549.6704,4920528.8333250005,0.24,0.0,0.0,0.0,0.0,0.0,6692012.682766651,0.0,,0.0,0.0,902569.892045,1020681.2779337299,0.0,0.0,0.0,0.0,0.0,,2603406.389668649,347120.85195581993,520681.27793372987,590556.9294436497,0.0,590556.9294436497,78740.92392581997,118111.38588872993,78740.92392581997,347120.85195581993,19652879.14804418,False,10298081.37830038,False,False,False,False,19652879.14804418,0.0,0.0,0.0,0.0,0.0,19652879.14804418,0.0,0.0,0.0,0.0,35797.671936,165739.470336,0.0,18054243.631100383,
base_hit_everyone_happy,6,top_down,10341549.6704,10755211.657216,0.0,0.0,10755211.657216,0.08485561596679683,877538.5673330167,1240985.9604479999,0.0,0.0,,0.0,0.0,0.0,0.0,0.0,0.0,0.0,840308.9885195766,0.0,0,0.0,1020681.2779337299,0.0,0.0,0.0,0.0,0.0,0.0,0.0,1020681.2779337299,,37229.57881343999,840308.9885195766,840308.9885195766,84030.89885195767,630231.7413896825,126046.34827793649,0.04,10755211.657216,6692012.682766651,0.08,0.0,0.0,0.0,0.0,0.0,7857605.438777666,0.0,,0.0,0.0,1020681.2779337299,1146727.6262116665,0.0,0.0,0.0,0.0,0.0,,3233638.1310583316,431151.75080777763,646727.6262116664,630231.7413896825,0.0,630231.7413896825,84030.89885195767,126046.34827793649,84030.89885195767,431151.75080777763,19568848.249192223,True,11693135.979293332,False,False,False,False,19568848.249192223,0.0,0.0,0.0,0.0,0.0,19568848.249192223,0.0,0.0,0.0,0.0,37229.57881343999,202969.04914944,0.0,19759544.72220533,HURDLE_REACHED_BUT_LIQUIDITY_CONSTRAINED
base_hit_everyone_happy,7,top_down,10755211.657216,11185420.12350464,0.0,0.0,11185420.12350464,0.08697700636596674,935456.1127769956,1290625.3988659198,0.0,0.0,,0.0,0.0,0.0,0.0,0.0,0.0,0.0,896737.350811018,0.0,0,0.0,1146727.6262116665,0.0,0.0,0.0,0.0,0.0,0.0,0.0,1146727.6262116665,,38718.761965977596,896737.350811018,896737.350811018,89673.73508110181,672553.0131082635,134510.6026216527,0.04,11185420.12350464,7857605.438777666,0.4,0.0,0.0,0.0,0.0,0.0,11673200.627396993,0.0,,0.0,0.0,1146727.6262116665,1281238.2288333192,0.0,0.0,0.0,0.0,0.0,,3906191.1441665953,520825.48588887946,781238.2288333192,672553.0131082635,0.0,672553.0131082635,89673.73508110181,134510.6026216527,89673.73508110181,520825.48588887946,19479174.51411112,True,15750793.887106473,False,False,False,False,19479174.51411112,0.0,0.0,0.0,0.0,0.0,19479174.51411112,0.0,0.0,0.0,0.0,38718.761965977596,241687.81111541757,0.0,24139858.97973495,HURDLE_REACHED_BUT_LIQUIDITY_CONSTRAINED
base_hit_everyone_happy,8,top_down,11185420.12350464,11632836.928444827,0.0,0.0,11632836.928444827,0.08915143152511591,997196.2162202775,1342250.4148205568,0.0,0.0,,0.0,0.0,0.0,0.0,0.0,0.0,0.0,956928.7037756608,0.0,0,0.0,1281238.2288333192,0.0,0.0,0.0,0.0,0.0,0.0,0.0,1281238.2288333192,,40267.5124446167,956928.7037756608,956928.7037756608,95692.87037756608,717696.5278317456,143539.30556634913,0.04,11632836.928444827,11673200.627396993,0.06,0.0,0.0,0.0,0.0,0.0,13091289.19287256,0.0,,0.0,0.0,1281238.2288333192,1424777.5343996682,0.0,0.0,0.0,0.0,0.0,,4623887.671998341,616518.3562664455,924777.5343996682,717696.5278317456,0.0,717696.5278317456,95692.87037756608,143539.30556634913,95692.87037756608,616518.3562664455,19383481.643733554,True,17424275.959383436,False,False,False,False,19383481.643733554,0.0,0.0,0.0,0.0,0.0,19383481.643733554,0.0,0.0,0.0,0.0,40267.5124446167,281955.3235600343,0.0,26148903.655717056,HURDLE_REACHED_BUT_LIQUIDITY_CONSTRAINED
base_hit_everyone_happy,9,top_down,11632836.928444827,12098150.40558262,0.0,0.0,12098150.40558262,0.09138021731324379,1063011.1664908158,1395940.4314133793,0.0,0.0,,0.0,0.0,0.0,0.0,0.0,0.0,0.0,1021132.9535484144,0.0,0,0.0,1424777.5343996682,0.0,0.0,0.0,0.0,0.0,0.0,0.0,1424777.5343996682,,41878.21294240138,1021132.9535484144,1021132.9535484144,102113.29535484145,765849.7151613107,153169.94303226215,0.04,12098150.40558262,13091289.19287256,0.06,0.0,0.0,0.0,0.0,0.0,14642616.259606224,0.0,,0.0,0.0,1424777.5343996682,1577947.4774319304,0.0,0.0,0.0,0.0,0.0,,5389737.387159651,718631.651621287,1077947.4774319304,765849.7151613107,0.0,765849.7151613107,102113.29535484145,153169.94303226215,102113.29535484145,718631.651621287,19281368.348378714,True,19245101.33843381,False,False,False,False,19281368.348378714,0.0,0.0,0.0,0.0,0.0,19281368.348378714,0.0,0.0,0.0,0.0,41878.21294240138,323833.5365024356,0.0,28318714.142620772,HURDLE_REACHED_BUT_LIQUIDITY_CONSTRAINED
base_hit_everyone_happy,10,top_down,12098150.40558262,12582076.421805926,0.0,0.0,12582076.421805926,0.09366472274607489,1133169.9034792096,1451778.0486699142,0.0,0.0,,0.0,0.0,0.0,0.0,0.0,0.0,0.0,1089616.5620191123,0.0,0,0.0,1577947.4774319304,0.0,0.0,0.0,0.0,0.0,0.0,0.0,1577947.4774319304,,43553.34146009743,1089616.5620191123,1089616.5620191123,108961.65620191123,817212.4215143342,163442.48430286683,0.04,12582076.421805926,14642616.259606224,0.06,0.0,0.0,0.0,0.0,0.0,16338385.656696932,0.0,,0.0,0.0,1577947.4774319304,1741389.961734797,0.0,0.0,0.0,0.0,0.0,,6206949.808673985,827593.3078231983,1241389.961734797,817212.4215143342,0.0,817212.4215143342,108961.65620191123,163442.48430286683,108961.65620191123,827593.3078231983,19172406.6921768,True,21225294.72388321,True,False,False,False,19172406.6921768,0.0,0.0,0.0,0.0,0.0,19172406.6921768,0.0,0.0,0.0,0.0,43553.34146009743,367386.87796253304,0.0,30661852.040237654,HURDLE_REACHED_BUT_LIQUIDITY_CONSTRAINED
base_hit_everyone_happy,11,top_down,12582076.421805926,13085359.478678163,0.0,0.0,13085359.478678163,0.09600634081472674,1207959.1171088372,1509849.170616711,0.0,0.0,,0.0,0.0,0.0,0.0,0.0,0.0,0.0,1162663.641990336,0.0,0,0.0,1741389.961734797,0.0,0.0,0.0,0.0,0.0,0.0,0.0,1741389.961734797,,45295.47511850133,1162663.641990336,1162663.641990336,116266.36419903359,871997.731492752,174399.54629855038,0.04,13085359.478678163,16338385.656696932,0.06,0.0,0.0,0.0,0.0,0.0,18190686.5275915,0.0,,0.0,0.0,1741389.961734797,1915789.5080333475,0.0,0.0,0.0,0.0,0.0,,7078947.5401667375,943859.6720222319,1415789.5080333475,871997.731492752,0.0,871997.731492752,116266.36419903359,174399.54629855038,116266.36419903359,943859.6720222319,19056140.32797777,True,23377815.90529439,True,False,False,False,19056140.32797777,0.0,0.0,0.0,0.0,0.0,19056140.32797777,0.0,0.0,0.0,0.0,45295.47511850133,412682.3530810344,0.0,33191835.51430301,HURDLE_REACHED_BUT_LIQUIDITY_CONSTRAINED
base_hit_everyone_happy,12,top_down,13085359.478678163,13608773.85782529,0.0,0.0,13608773.85782529,0.09840649933509492,1287684.4188380206,1570243.1374413795,0.0,0.0,,0.0,0.0,0.0,0.0,0.0,0.0,0.0,1240577.1247147792,0.0,0,0.0,1915789.5080333475,0.0,0.0,0.0,0.0,0.0,0.0,0.0,1915789.5080333475,,47107.29412324138,1240577.1247147792,1240577.1247147792,124057.71247147792,930432.8435360844,186086.56870721688,0.04,13608773.85782529,18190686.5275915,0.06,0.0,0.0,0.0,0.0,0.0,5053140.140695769,0.0,,0.0,1670786.1166784242,1915789.5080333475,0.0,0.0,0.0,0.0,0.0,0.0,,8009380.383702822,20000000.0,1601876.0767405643,930432.8435360844,0.0,930432.8435360844,19056140.32797777,186086.56870721688,19056140.32797777,20000000.0,0.0,True,25716630.10397996,True,True,True,True,18932082.61550629,0.0,2101876.0767405643,15159420.422087304,1670786.1166784242,0.0,0.0,15159420.422087304,1670786.1166784242,0.0,0.0,47107.29412324138,459789.64720427577,16991127.881842636,16991127.881842636,HURDLE_COMPLETION_TRIGGER_EXECUTED
fast_success_crypto_bull,1,top_down,8500000.0,8755000.0,0.0,0.0,8755000.0,0.07,595000.0,935000.0,0.0,0.0,,0.0,0.0,0.0,0.0,0.0,0.0,0.0,566950.0,0.0,0,0.0,500000.0,0.0,0.0,0.0,0.0,0.0,0.0,0.0,500000.0,,28050.0,566950.0,566950.0,56695.0,425212.5,85042.5,0.03,8755000.0,1000000.0,0.6,0.0,0.0,0.0,0.0,0.0,2025212.5,0.0,,0.0,0.0,500000.0,585042.5,0.0,0.0,0.0,0.0,0.0,,425212.5,56695.0,85042.5,425212.5,0.0,425212.5,56695.0,85042.5,56695.0,56695.0,19943305.0,False,4799005.0,False,False,False,False,19943305.0,0.0,0.0,0.0,0.0,0.0,19943305.0,0.0,0.0,0.0,0.0,28050.0,28050.0,0.0,11365255.0,
fast_success_crypto_bull,2,top_down,8755000.0,9017650.0,0.0,0.0,9017650.0,0.0714,625107.0,963050.0,0.0,0.0,,0.0,0.0,0.0,0.0,0.0,0.0,0.0,596215.5,0.0,0,0.0,585042.5,0.0,0.0,0.0,0.0,0.0,0.0,0.0,585042.5,,28891.5,596215.5,596215.5,59621.55,447161.625,89432.325,0.03,9017650.0,2025212.5,0.8,0.0,0.0,0.0,0.0,0.0,4092544.125,0.0,,0.0,0.0,585042.5,674474.825,0.0,0.0,0.0,0.0,0.0,,872374.125,116316.55,174474.825,447161.625,0.0,447161.625,59621.55,89432.325,59621.55,116316.55,19883683.45,False,7021431.45,False,False,False,False,19883683.45,0.0,0.0,0.0,0.0,0.0,19883683.45,0.0,0.0,0.0,0.0,28891.5,56941.5,0.0,13784668.95,
fast_success_crypto_bull,3,top_down,9017650.0,9288179.5,0.0,0.0,9288179.5,0.072828,656737.4142,991941.5,0.0,0.0,,0.0,0.0,0.0,0.0,0.0,0.0,0.0,626979.1692,0.0,0,0.0,674474.825,0.0,0.0,0.0,0.0,0.0,0.0,0.0,674474.825,,29758.245,626979.1692,626979.1692,62697.91692,470234.37690000003,94046.87538,0.03,9288179.5,4092544.125,0.3,0.0,0.0,0.0,0.0,0.0,5790541.739399999,0.0,,0.0,0.0,674474.825,768521.7003799999,0.0,0.0,0.0,0.0,0.0,,1342608.5019,179014.46692,268521.70038,470234.37690000003,0.0,470234.37690000003,62697.91692,94046.87538,62697.91692,179014.46692,19820985.53308,False,8881108.31478,False,False,False,False,19820985.53308,0.0,0.0,0.0,0.0,0.0,19820985.53308,0.0,0.0,0.0,0.0,29758.245,86699.745,0.0,15847242.939779999,
fast_success_crypto_bull,4,top_down,9288179.5,9566824.885,0.0,0.0,9566824.885,0.07428456000000001,689968.3273585201,1021699.745,0.0,0.0,,0.0,0.0,0.0,0.0,0.0,0.0,0.0,659317.3350085202,0.0,0,0.0,768521.7003799999,0.0,0.0,0.0,0.0,0.0,0.0,0.0,768521.7003799999,,30650.99235,659317.3350085202,659317.3350085202,65931.73350085202,494488.0012563901,98897.60025127803,0.03,9566824.885,5790541.739399999,0.25,0.0,0.0,0.0,0.0,0.0,7732665.17550639,0.0,,0.0,0.0,768521.7003799999,867419.300631278,0.0,0.0,0.0,0.0,0.0,,1837096.50315639,244946.20042085202,367419.300631278,494488.0012563901,0.0,494488.0012563901,65931.73350085202,98897.60025127803,65931.73350085202,244946.20042085202,19755053.799579147,False,10991790.697387667,False,False,False,False,19755053.799579147,0.0,0.0,0.0,0.0,0.0,19755053.799579147,0.0,0.0,0.0,0.0,30650.99235,117350.73735,0.0,18166909.361137666,
fast_success_crypto_bull,5,top_down,9566824.885,9853829.63155,0.0,0.0,9853829.63155,0.0757702512,724880.7247228611,1052350.73735,0.0,0.0,,0.0,0.0,0.0,0.0,0.0,0.0,0.0,693310.2026023611,0.0,0,0.0,867419.300631278,0.0,0.0,0.0,0.0,0.0,0.0,0.0,867419.300631278,,31570.5221205,693310.2026023611,693310.2026023611,69331.02026023611,519982.6519517708,103996.53039035416,0.03,9853829.63155,7732665.17550639,0.15,0.0,0.0,0.0,0.0,0.0,9412547.603784118,0.0,,0.0,0.0,867419.300631278,971415.8310216321,0.0,0.0,0.0,0.0,0.0,,2357079.155108161,314277.22068108816,471415.8310216322,519982.6519517708,0.0,519982.6519517708,69331.02026023611,103996.53039035416,69331.02026023611,314277.22068108816,19685722.77931891,True,12847420.84269325,False,False,False,False,19685722.77931891,0.0,0.0,0.0,0.0,0.0,19685722.77931891,0.0,0.0,0.0,0.0,31570.5221205,148921.2594705,0.0,20237793.06635575,HURDLE_REACHED_BUT_LIQUIDITY_CONSTRAINED
fast_success_crypto_bull,6,top_down,9853829.63155,10149444.520496499,0.0,0.0,10149444.520496499,0.07728565622400001,761559.6893938379,1083921.2594704998,0.0,0.0,,0.0,0.0,0.0,0.0,0.0,0.0,0.0,729042.0516097229,0.0,0,0.0,971415.8310216321,0.0,0.0,0.0,0.0,0.0,0.0,0.0,971415.8310216321,,32517.637784114995,729042.0516097229,729042.0516097229,72904.2051609723,546781.5387072922,109356.30774145843,0.03,10149444.520496499,9412547.603784118,0.15,0.0,0.0,0.0,0.0,0.0,11371211.283059027,0.0,,0.0,0.0,971415.8310216321,1080772.1387630906,0.0,0.0,0.0,0.0,0.0,,2903860.693815453,387181.4258420605,580772.1387630906,546781.5387072922,0.0,546781.5387072922,72904.2051609723,109356.30774145843,72904.2051609723,387181.4258420605,19612818.57415794,True,14989344.551946241,False,False,False,False,19612818.57415794,0.0,0.0,0.0,0.0,0.0,19612818.57415794,0.0,0.0,0.0,0.0,32517.637784114995,181438.89725461497,0.0,22601427.94231862,HURDLE_REACHED_BUT_LIQUIDITY_CONSTRAINED
fast_success_crypto_bull,7,top_down,10149444.520496499,10453927.856111394,0.0,0.0,10453927.856111394,0.07883136934848001,800094.6096771661,1116438.8972546149,0.0,0.0,,0.0,0.0,0.0,0.0,0.0,0.0,0.0,766601.4427595276,0.0,0,0.0,1080772.1387630906,0.0,0.0,0.0,0.0,0.0,0.0,0.0,1080772.1387630906,,33493.166917638446,766601.4427595276,766601.4427595276,76660.14427595276,574951.0820696456,114990.21641392914,0.03,10453927.856111394,11371211.283059027,0.15,0.0,0.0,0.0,0.0,0.0,13651844.057587527,0.0,,0.0,0.0,1080772.1387630906,1195762.3551770197,0.0,0.0,0.0,0.0,0.0,,3478811.7758850986,463841.57011801325,695762.3551770197,574951.0820696456,0.0,574951.0820696456,76660.14427595276,114990.21641392914,76660.14427595276,463841.57011801325,19536158.429881986,True,17461088.376792394,False,False,False,False,19536158.429881986,0.0,0.0,0.0,0.0,0.0,19536158.429881986,0.0,0.0,0.0,0.0,33493.166917638446,214932.06417225342,0.0,25301534.268875938,HURDLE_REACHED_BUT_LIQUIDITY_CONSTRAINED
fast_success_crypto_bull,8,top_down,10453927.856111394,10767545.691794736,0.0,0.0,10767545.691794736,0.08040799673544961,840579.3969268308,1149932.0641722535,0.0,0.0,,0.0,0.0,0.0,0.0,0.0,0.0,0.0,806081.4350016632,0.0,0,0.0,1195762.3551770197,0.0,0.0,0.0,0.0,0.0,0.0,0.0,1195762.3551770197,,34497.961925167605,806081.4350016632,806081.4350016632,80608.14350016632,604561.0762512474,120912.21525024947,0.03,10767545.691794736,13651844.057587527,0.15,0.0,0.0,0.0,0.0,0.0,16304181.742476903,0.0,,0.0,0.0,1195762.3551770197,1316674.5704272692,0.0,0.0,0.0,0.0,0.0,,4083372.852136346,544449.7136181796,816674.5704272692,604561.0762512474,0.0,604561.0762512474,80608.14350016632,120912.21525024947,80608.14350016632,544449.7136181796,19455550.286381822,True,20312742.735852856,True,False,False,False,19455550.286381822,0.0,0.0,0.0,0.0,0.0,19455550.286381822,0.0,0.0,0.0,0.0,34497.961925167605,249430.026097421,0.0,28388402.00469891,HURDLE_REACHED_BUT_LIQUIDITY_CONSTRAINED
fast_success_crypto_bull,9,top_down,10767545.691794736,11090572.062548578,0.0,0.0,11090572.062548578,0.08201615667015862,883112.7144113285,1184430.026097421,0.0,0.0,,0.0,0.0,0.0,0.0,0.0,0.0,0.0,847579.8136284059,0.0,0,0.0,1316674.5704272692,0.0,0.0,0.0,0.0,0.0,0.0,0.0,1316674.5704272692,,35532.90078292263,847579.8136284059,847579.8136284059,84757.9813628406,635684.8602213045,127136.97204426088,0.03,11090572.062548578,16304181.742476903,0.15,0.0,0.0,0.0,0.0,0.0,19385493.86406974,0.0,,0.0,0.0,1316674.5704272692,1443811.5424715301,0.0,0.0,0.0,0.0,0.0,,4719057.7123576505,629207.6949810202,943811.5424715301,635684.8602213045,0.0,635684.8602213045,84757.9813628406,127136.97204426088,84757.9813628406,629207.6949810202,19370792.30501898,True,23601948.422178417,True,False,False,False,19370792.30501898,0.0,0.0,0.0,0.0,0.0,19370792.30501898,0.0,0.0,0.0,0.0,35532.90078292263,284962.92688034364,0.0,31919877.46908985,HURDLE_REACHED_BUT_LIQUIDITY_CONSTRAINED
fast_success_crypto_bull,10,top_down,11090572.062548578,11423289.224425035,0.0,0.0,11423289.224425035,0.08365647980356178,927798.2177605416,1219962.9268803436,0.0,0.0,,0.0,0.0,0.0,0.0,0.0,0.0,0.0,891199.3299541313,0.0,0,0.0,1443811.5424715301,0.0,0.0,0.0,0.0,0.0,0.0,0.0,1443811.5424715301,,36598.887806410305,891199.3299541313,891199.3299541313,89119.93299541314,668399.4974655984,133679.89949311968,0.03,11423289.224425035,19385493.86406974,0.15,0.0,0.0,0.0,0.0,0.0,22961717.4411458,0.0,,0.0,0.0,1443811.5424715301,1577491.4419646498,0.0,0.0,0.0,0.0,0.0,,5387457.209823249,718327.6279764334,1077491.4419646498,668399.4974655984,0.0,668399.4974655984,89119.93299541314,133679.89949311968,89119.93299541314,718327.6279764334,19281672.372023568,True,27395031.189216707,True,False,False,False,19281672.372023568,0.0,0.0,0.0,0.0,0.0,19281672.372023568,0.0,0.0,0.0,0.0,36598.887806410305,321561.81468675396,0.0,35962498.10753548,HURDLE_REACHED_BUT_LIQUIDITY_CONSTRAINED
fast_success_crypto_bull,11,top_down,11423289.224425035,11765987.901157785,0.0,0.0,11765987.901157785,0.08532960939963302,974744.807579225,1256561.8146867538,0.0,0.0,,0.0,0.0,0.0,0.0,0.0,0.0,0.0,937047.9531386225,0.0,0,0.0,1577491.4419646498,0.0,0.0,0.0,0.0,0.0,0.0,0.0,1577491.4419646498,,37696.85444060261,937047.9531386225,937047.9531386225,93704.79531386225,702785.9648539668,140557.19297079337,0.03,11765987.901157785,22961717.4411458,0.15,0.0,0.0,0.0,0.0,0.0,27108761.022171635,0.0,,0.0,0.0,1577491.4419646498,1718048.6349354433,0.0,0.0,0.0,0.0,0.0,,6090243.1746772155,812032.4232902956,1218048.6349354433,702785.9648539668,0.0,702785.9648539668,93704.79531386225,140557.19297079337,93704.79531386225,812032.4232902956,19187967.576709703,True,31768306.632396523,True,False,False,False,19187967.576709703,0.0,0.0,0.0,0.0,0.0,19187967.576709703,0.0,0.0,0.0,0.0,37696.85444060261,359258.66912735655,0.0,40592797.55826487,HURDLE_REACHED_BUT_LIQUIDITY_CONSTRAINED
fast_success_crypto_bull,12,top_down,11765987.901157785,12118967.53819252,0.0,0.0,12118967.53819252,0.08703620158762568,1024066.8948427337,1294258.6691273565,0.0,0.0,,0.0,0.0,0.0,0.0,0.0,0.0,0.0,985239.134768913,0.0,0,0.0,1718048.6349354433,0.0,0.0,0.0,0.0,0.0,0.0,0.0,1718048.6349354433,,38827.7600738207,985239.134768913,985239.134768913,98523.9134768913,738929.3510766848,147785.87021533694,0.03,12118967.53819252,27108761.022171635,0.15,0.0,0.0,0.0,0.0,0.0,31914004.526574064,0.0,,0.0,0.0,1718048.6349354433,1865834.5051507803,0.0,0.0,0.0,0.0,0.0,,6829172.5257539,910556.336767187,1365834.5051507803,738929.3510766848,0.0,738929.3510766848,98523.9134768913,147785.87021533694,98523.9134768913,910556.336767187,19089443.663232815,True,36809580.916272976,True,False,False,False,19089443.663232815,0.0,0.0,0.0,0.0,0.0,19089443.663232815,0.0,0.0,0.0,0.0,38827.7600738207,398086.42920117726,0.0,45898806.569917366,HURDLE_REACHED_BUT_LIQUIDITY_CONSTRAINED
fast_success_crypto_bull,13,top_down,12118967.53819252,12482536.564338297,0.0,0.0,12482536.564338297,0.0887769256193782,1075884.6797217762,1333086.429201177,0.0,0.0,,0.0,0.0,0.0,0.0,0.0,0.0,0.0,1035892.0868457409,0.0,0,0.0,1865834.5051507803,0.0,0.0,0.0,0.0,0.0,0.0,0.0,1865834.5051507803,,39992.59287603531,1035892.0868457409,1035892.0868457409,103589.2086845741,776919.0651343057,155383.81302686114,0.03,12482536.564338297,31914004.526574064,0.15,0.0,0.0,0.0,0.0,0.0,20513388.13432388,0.0,,0.0,0.0,1865834.5051507803,0.0,0.0,0.0,0.0,0.0,0.0,,7606091.590888206,20000000.0,1521218.3181776414,776919.0651343057,0.0,776919.0651343057,19089443.663232815,155383.81302686114,19089443.663232815,20000000.0,0.0,True,42619876.729956694,True,True,True,True,18985854.45454824,0.0,2021218.3181776414,16964636.1363706,0.0,0.0,0.0,16964636.1363706,0.0,0.0,0.0,39992.59287603531,438079.0220772126,32995924.698662177,32995924.698662177,HURDLE_COMPLETION_TRIGGER_EXECUTED
slow_grind,1,top_down,8500000.0,8670000.0,0.0,0.0,8670000.0,0.065,552500.0,850000.0,0.0,0.0,,0.0,0.0,0.0,0.0,0.0,0.0,0.0,527000.0,0.0,0,0.0,500000.0,0.0,0.0,0.0,0.0,0.0,0.0,0.0,500000.0,,25500.0,527000.0,527000.0,52700.0,395250.0,79050.0,0.02,8670000.0,1000000.0,0.19,0.0,0.0,0.0,0.0,0.0,1585250.0,0.0,,0.0,0.0,500000.0,579050.0,0.0,0.0,0.0,0.0,0.0,,395250.0,52700.0,79050.0,395250.0,0.0,395250.0,52700.0,79050.0,52700.0,52700.0,19947300.0,False,4331800.0,False,False,False,False,19947300.0,0.0,0.0,0.0,0.0,0.0,19947300.0,0.0,0.0,0.0,0.0,25500.0,25500.0,0.0,10834300.0,
slow_grind,2,top_down,8670000.0,8843400.0,0.0,0.0,8843400.0,0.06597499999999999,572003.2499999999,867000.0,0.0,0.0,,0.0,0.0,0.0,0.0,0.0,0.0,0.0,545993.2499999999,0.0,0,0.0,579050.0,0.0,0.0,0.0,0.0,0.0,0.0,0.0,579050.0,,26010.0,545993.2499999999,545993.2499999999,54599.32499999999,409494.9374999999,81898.98749999997,0.02,8843400.0,1585250.0,-0.05,0.0,0.0,0.0,0.0,0.0,1915482.4375,0.0,,0.0,0.0,579050.0,660948.9874999999,0.0,0.0,0.0,0.0,0.0,,804744.9374999999,107299.32499999998,160948.9875,409494.9374999999,0.0,409494.9374999999,54599.32499999999,81898.98749999997,54599.32499999999,107299.32499999998,19892700.675,False,4787281.425,False,False,False,False,19892700.675,0.0,0.0,0.0,0.0,0.0,19892700.675,0.0,0.0,0.0,0.0,26010.0,51510.0,0.0,11419831.425,
slow_grind,3,top_down,8843400.0,9020268.0,0.0,0.0,9020268.0,0.06696462499999999,592194.9647249999,884340.0,0.0,0.0,,0.0,0.0,0.0,0.0,0.0,0.0,0.0,565664.7647249999,0.0,0,0.0,660948.9874999999,0.0,0.0,0.0,0.0,0.0,0.0,0.0,660948.9874999999,,26530.2,565664.7647249999,565664.7647249999,56566.47647249999,424248.5735437499,84849.71470874998,0.02,9020268.0,1915482.4375,0.14,0.0,0.0,0.0,0.0,0.0,2607898.55229375,0.0,,0.0,0.0,660948.9874999999,745798.70220875,0.0,0.0,0.0,0.0,0.0,,1228993.5110437497,163865.80147249997,245798.70220874995,424248.5735437499,0.0,424248.5735437499,56566.47647249999,84849.71470874998,56566.47647249999,163865.80147249997,19836134.1985275,False,5608764.2545024995,False,False,False,False,19836134.1985275,0.0,0.0,0.0,0.0,0.0,19836134.1985275,0.0,0.0,0.0,0.0,26530.2,78040.2,0.0,12373965.2545025,
slow_grind,4,top_down,9020268.0,9200673.36,0.0,0.0,9200673.36,0.06796909437499998,613099.4469797923,902026.8,0.0,0.0,,0.0,0.0,0.0,0.0,0.0,0.0,0.0,586038.6429797923,0.0,0,0.0,745798.70220875,0.0,0.0,0.0,0.0,0.0,0.0,0.0,745798.70220875,,27060.804,586038.6429797923,586038.6429797923,58603.864297979235,439528.98223484424,87905.79644696884,0.02,9200673.36,2607898.55229375,0.03,0.0,0.0,0.0,0.0,0.0,3125664.4910974065,0.0,,0.0,0.0,745798.70220875,833704.4986557188,0.0,0.0,0.0,0.0,0.0,,1668522.493278594,222469.6657704792,333704.4986557188,439528.98223484424,0.0,439528.98223484424,58603.864297979235,87905.79644696884,58603.864297979235,222469.6657704792,19777530.33422952,False,6259537.329753125,False,False,False,False,19777530.33422952,0.0,0.0,0.0,0.0,0.0,19777530.33422952,0.0,0.0,0.0,0.0,27060.804,105101.004,0.0,13160042.349753123,
slow_grind,5,top_down,9200673.36,9384686.8272,0.0,0.0,9384686.8272,0.06898863079062498,634741.8574581789,920067.336,0.0,0.0,,0.0,0.0,0.0,0.0,0.0,0.0,0.0,607139.8373781788,0.0,0,0.0,833704.4986557188,0.0,0.0,0.0,0.0,0.0,0.0,0.0,833704.4986557188,,27602.02008,607139.8373781788,607139.8373781788,60713.983737817885,455354.87803363416,91070.97560672682,0.02,9384686.8272,3125664.4910974065,0.16,0.0,0.0,0.0,0.0,0.0,4081125.6877066256,0.0,,0.0,0.0,833704.4986557188,924775.4742624456,0.0,0.0,0.0,0.0,0.0,,2123877.371312228,283183.6495082971,424775.47426244564,455354.87803363416,0.0,455354.87803363416,60713.983737817885,91070.97560672682,60713.983737817885,283183.6495082971,19716816.350491703,False,7352072.868769071,False,False,False,False,19716816.350491703,0.0,0.0,0.0,0.0,0.0,19716816.350491703,0.0,0.0,0.0,0.0,27602.02008,132703.02408,0.0,14390587.98916907,
slow_grind,6,top_down,9384686.8272,9572380.563744,0.0,0.0,9572380.563744,0.07002346025248435,657148.2450264526,938468.6827199999,0.0,0.0,,0.0,0.0,0.0,0.0,0.0,0.0,0.0,628994.1845448526,0.0,0,0.0,924775.4742624456,0.0,0.0,0.0,0.0,0.0,0.0,0.0,924775.4742624456,,28154.060481599998,628994.1845448526,628994.1845448526,62899.41845448526,471745.63840863947,94349.12768172788,0.02,9572380.563744,4081125.6877066256,0.07,0.0,0.0,0.0,0.0,0.0,4838550.124254729,0.0,,0.0,0.0,924775.4742624456,1019124.6019441735,0.0,0.0,0.0,0.0,0.0,,2595623.0097208675,346083.06796278234,519124.6019441735,471745.63840863947,0.0,471745.63840863947,62899.41845448526,94349.12768172788,62899.41845448526,346083.06796278234,19653916.93203722,False,8250769.867134903,False,False,False,False,19653916.93203722,0.0,0.0,0.0,0.0,0.0,19653916.93203722,0.0,0.0,0.0,0.0,28154.060481599998,160857.0845616,0.0,15430055.2899429,
slow_grind,7,top_down,9572380.563744,9763828.175018879,0.0,0.0,9763828.175018879,0.07107381215627159,680345.5780758861,957238.0563743999,0.0,0.0,,0.0,0.0,0.0,0.0,0.0,0.0,0.0,651628.4363846541,0.0,0,0.0,1019124.6019441735,0.0,0.0,0.0,0.0,0.0,0.0,0.0,1019124.6019441735,,28717.141691232,651628.4363846541,651628.4363846541,65162.84363846542,488721.3272884906,97744.26545769811,0.02,9763828.175018879,4838550.124254729,0.25,0.0,0.0,0.0,0.0,0.0,6536908.982606902,0.0,,0.0,0.0,1019124.6019441735,1116868.8674018716,0.0,0.0,0.0,0.0,0.0,,3084344.337009358,411245.91160124773,616868.8674018716,488721.3272884906,0.0,488721.3272884906,65162.84363846542,97744.26545769811,65162.84363846542,411245.91160124773,19588754.08839875,False,10094734.893763494,False,False,False,False,19588754.08839875,0.0,0.0,0.0,0.0,0.0,19588754.08839875,0.0,0.0,0.0,0.0,28717.141691232,189574.22625283198,0.0,17417606.02502765,
slow_grind,8,top_down,9763828.175018879,9959104.738519257,0.0,0.0,9959104.738519257,0.07213991933861567,704361.7769819649,976382.8175018879,0.0,0.0,,0.0,0.0,0.0,0.0,0.0,0.0,0.0,675070.2924569083,0.0,0,0.0,1116868.8674018716,0.0,0.0,0.0,0.0,0.0,0.0,0.0,1116868.8674018716,,29291.484525056636,675070.2924569083,675070.2924569083,67507.02924569084,506302.71934268123,101260.54386853623,0.02,9959104.738519257,6536908.982606902,0.05,0.0,0.0,0.0,0.0,0.0,7370057.1510799285,0.0,,0.0,0.0,1116868.8674018716,1218129.4112704077,0.0,0.0,0.0,0.0,0.0,,3590647.0563520393,478752.9408469386,718129.4112704078,506302.71934268123,0.0,506302.71934268123,67507.02924569084,101260.54386853623,67507.02924569084,478752.9408469386,19521247.05915306,False,11077962.746980151,False,False,False,False,19521247.05915306,0.0,0.0,0.0,0.0,0.0,19521247.05915306,0.0,0.0,0.0,0.0,29291.484525056636,218865.71077788863,0.0,18547291.30086959,
slow_grind,9,top_down,9959104.738519257,10158286.833289642,0.0,0.0,10158286.833289642,0.0732220181286949,729225.7477094283,995910.4738519257,0.0,0.0,,0.0,0.0,0.0,0.0,0.0,0.0,0.0,699348.4334938705,0.0,0,0.0,1218129.4112704077,0.0,0.0,0.0,0.0,0.0,0.0,0.0,1218129.4112704077,,29877.31421555777,699348.4334938705,699348.4334938705,69934.84334938705,524511.325120403,104902.26502408058,0.02,10158286.833289642,7370057.1510799285,0.13,0.0,0.0,0.0,0.0,0.0,8852675.905840721,0.0,,0.0,0.0,1218129.4112704077,1323031.6762944884,0.0,0.0,0.0,0.0,0.0,,4115158.3814724423,548687.7841963256,823031.6762944884,524511.325120403,0.0,524511.325120403,69934.84334938705,104902.26502408058,69934.84334938705,548687.7841963256,19451312.215803675,True,12715279.290457621,False,False,False,False,19451312.215803675,0.0,0.0,0.0,0.0,0.0,19451312.215803675,0.0,0.0,0.0,0.0,29877.31421555777,248743.0249934464,0.0,20333994.41542485,HURDLE_REACHED_BUT_LIQUIDITY_CONSTRAINED
slow_grind,10,top_down,10158286.833289642,10361452.569955435,0.0,0.0,10361452.569955435,0.07432034840062532,754967.416603571,1015828.6833289643,0.0,0.0,,0.0,0.0,0.0,0.0,0.0,0.0,0.0,724492.5561037022,0.0,0,0.0,1323031.6762944884,0.0,0.0,0.0,0.0,0.0,0.0,0.0,1323031.6762944884,,30474.860499868926,724492.5561037022,724492.5561037022,72449.25561037022,543369.4170777766,108673.88341555532,0.02,10361452.569955435,8852675.905840721,-0.02,0.0,0.0,0.0,0.0,0.0,9218991.804801682,0.0,,0.0,0.0,1323031.6762944884,1431705.5597100437,0.0,0.0,0.0,0.0,0.0,,4658527.798550219,621137.0398066958,931705.5597100437,543369.4170777766,0.0,543369.4170777766,72449.25561037022,108673.88341555532,72449.25561037022,621137.0398066958,19378862.960193302,True,13241060.507000584,False,False,False,False,19378862.960193302,0.0,0.0,0.0,0.0,0.0,19378862.960193302,0.0,0.0,0.0,0.0,30474.860499868926,279217.8854933153,0.0,21012149.934467163,HURDLE_REACHED_BUT_LIQUIDITY_CONSTRAINED
slow_grind,11,top_down,10361452.569955435,10568681.621354543,0.0,0.0,10568681.621354543,0.0754351536266347,781617.7664096771,1036145.2569955435,0.0,0.0,,0.0,0.0,0.0,0.0,0.0,0.0,0.0,750533.4086998109,0.0,0,0.0,1431705.5597100437,0.0,0.0,0.0,0.0,0.0,0.0,0.0,1431705.5597100437,,31084.357709866305,750533.4086998109,750533.4086998109,75053.34086998108,562900.0565248581,112580.01130497163,0.02,10568681.621354543,9218991.804801682,0.24,0.0,0.0,0.0,0.0,0.0,11994449.894478943,0.0,,0.0,0.0,1431705.5597100437,1544285.5710150152,0.0,0.0,0.0,0.0,0.0,,5221427.855075077,696190.3806766769,1044285.5710150154,562900.0565248581,0.0,562900.0565248581,75053.34086998108,112580.01130497163,75053.34086998108,696190.3806766769,19303809.619323324,True,16180905.870832594,False,False,False,False,19303809.619323324,0.0,0.0,0.0,0.0,0.0,19303809.619323324,0.0,0.0,0.0,0.0,31084.357709866305,310302.2432031816,0.0,24107417.0868485,HURDLE_REACHED_BUT_LIQUIDITY_CONSTRAINED
slow_grind,12,top_down,10568681.621354543,10780055.253781633,0.0,0.0,10780055.253781633,0.07656668093103419,809208.8735639384,1056868.1621354544,0.0,0.0,,0.0,0.0,0.0,0.0,0.0,0.0,0.0,777502.8286998748,0.0,0,0.0,1544285.5710150152,0.0,0.0,0.0,0.0,0.0,0.0,0.0,1544285.5710150152,,31706.04486406363,777502.8286998748,777502.8286998748,77750.28286998748,583127.1215249061,116625.42430498122,0.02,10780055.253781633,11994449.894478943,0.14,0.0,0.0,0.0,0.0,0.0,14256800.001230903,0.0,,0.0,0.0,1544285.5710150152,1660910.9953199965,0.0,0.0,0.0,0.0,0.0,,5804554.976599983,773940.6635466644,1160910.9953199965,583127.1215249061,0.0,583127.1215249061,77750.28286998748,116625.42430498122,77750.28286998748,773940.6635466644,19226059.336453337,True,18612724.809996307,False,False,False,False,19226059.336453337,0.0,0.0,0.0,0.0,0.0,19226059.336453337,0.0,0.0,0.0,0.0,31706.04486406363,342008.2880672452,0.0,26697766.25033253,HURDLE_REACHED_BUT_LIQUIDITY_CONSTRAINED
slow_grind,13,top_down,10780055.253781633,10995656.358857267,0.0,0.0,10995656.358857267,0.07771518114499971,837773.9468007456,1078005.5253781634,0.0,0.0,,0.0,0.0,0.0,0.0,0.0,0.0,0.0,805433.7810394006,0.0,0,0.0,1660910.9953199965,0.0,0.0,0.0,0.0,0.0,0.0,0.0,1660910.9953199965,,32340.165761344902,805433.7810394006,805433.7810394006,80543.37810394006,604075.3357795505,120815.06715591009,0.02,10995656.358857267,14256800.001230903,0.33,0.0,0.0,0.0,0.0,0.0,19565619.337416653,0.0,,0.0,0.0,1660910.9953199965,1781726.0624759067,0.0,0.0,0.0,0.0,0.0,,6408630.312379533,854484.0416506045,1281726.0624759067,604075.3357795505,0.0,604075.3357795505,80543.37810394006,120815.06715591009,80543.37810394006,854484.0416506045,19145515.958349396,True,24096259.48960688,True,False,False,False,19145515.958349396,0.0,0.0,0.0,0.0,0.0,19145515.958349396,0.0,0.0,0.0,0.0,32340.165761344902,374348.4538285901,0.0,32343001.758749828,HURDLE_REACHED_BUT_LIQUIDITY_CONSTRAINED
slow_grind,14,top_down,10995656.358857267,11215569.486034412,0.0,0.0,11215569.486034412,0.07888090886217469,867347.3671228116,1099565.6358857267,0.0,0.0,,0.0,0.0,0.0,0.0,0.0,0.0,0.0,834360.3980462399,0.0,0,0.0,1781726.0624759067,0.0,0.0,0.0,0.0,0.0,0.0,0.0,1781726.0624759067,,32986.9690765718,834360.3980462399,834360.3980462399,83436.03980462399,625770.2985346799,125154.05970693598,0.02,11215569.486034412,19565619.337416653,0.13,0.0,0.0,0.0,0.0,0.0,22734920.149815496,0.0,,0.0,0.0,1781726.0624759067,1906880.1221828426,0.0,0.0,0.0,0.0,0.0,,7034400.610914214,937920.0814552284,1406880.1221828426,625770.2985346799,0.0,625770.2985346799,83436.03980462399,125154.05970693598,83436.03980462399,937920.0814552284,19062079.918544773,True,27445692.64350694,True,False,False,False,19062079.918544773,0.0,0.0,0.0,0.0,0.0,19062079.918544773,0.0,0.0,0.0,0.0,32986.9690765718,407335.4229051619,0.0,35857369.758032754,HURDLE_REACHED_BUT_LIQUIDITY_CONSTRAINED
slow_grind,15,top_down,11215569.486034412,11439880.8757551,0.0,0.0,11439880.8757551,0.0800641224951073,897964.7291822468,1121556.9486034412,0.0,0.0,,0.0,0.0,0.0,0.0,0.0,0.0,0.0,864318.0207241436,0.0,0,0.0,1906880.1221828426,0.0,0.0,0.0,0.0,0.0,0.0,0.0,1906880.1221828426,,33646.70845810324,864318.0207241436,864318.0207241436,86431.80207241437,648238.5155431076,129647.70310862153,0.02,11439880.8757551,22734920.149815496,0.06,0.0,0.0,0.0,0.0,0.0,7808133.58316664,0.0,,0.0,0.0,1906880.1221828426,0.0,0.0,0.0,0.0,0.0,0.0,,7682639.126457321,20000000.0,1536527.825291464,648238.5155431076,0.0,648238.5155431076,19062079.91854477,129647.70310862153,19062079.91854477,20000000.0,0.0,True,29643751.918577775,True,True,True,True,18975648.116472356,0.0,2036527.825291464,16939120.291180894,0.0,0.0,0.0,16939120.291180894,0.0,0.0,0.0,33646.70845810324,440982.13136326516,19248014.458921738,19248014.458921738,HURDLE_COMPLETION_TRIGGER_EXECUTED
hedge_fund_failure_re_survival,1,top_down,8500000.0,8712500.0,0.0,0.0,8712500.0,0.075,637500.0,935000.0,0.0,0.0,,0.0,0.0,0.0,0.0,0.0,0.0,0.0,609450.0,0.0,0,0.0,500000.0,0.0,0.0,0.0,0.0,0.0,0.0,0.0,500000.0,,28050.0,609450.0,609450.0,60945.0,457087.5,91417.5,0.025,8712500.0,1000000.0,-0.7,0.0,0.0,0.0,0.0,0.0,757087.5,0.0,,0.0,0.0,500000.0,591417.5,0.0,0.0,0.0,0.0,0.0,,457087.5,60945.0,91417.5,457087.5,0.0,457087.5,60945.0,91417.5,60945.0,60945.0,19939055.0,False,3526630.0,False,False,False,False,19939055.0,0.0,0.0,0.0,0.0,0.0,19939055.0,0.0,0.0,0.0,0.0,28050.0,28050.0,0.0,10061005.0,
hedge_fund_failure_re_survival,2,top_down,8712500.0,8930312.5,0.0,0.0,8930312.5,0.0765,666506.25,958375.0,0.0,0.0,,0.0,0.0,0.0,0.0,0.0,0.0,0.0,637755.0,0.0,0,0.0,591417.5,0.0,0.0,0.0,0.0,0.0,0.0,0.0,591417.5,,28751.25,637755.0,637755.0,63775.5,478316.25,95663.25,0.025,8930312.5,757087.5,-0.2,0.0,0.0,0.0,0.0,0.0,1083986.25,0.0,,0.0,0.0,591417.5,687080.75,0.0,0.0,0.0,0.0,0.0,,935403.75,124720.5,187080.75,478316.25,0.0,478316.25,63775.5,95663.25,63775.5,124720.5,19875279.5,False,4003645.125,False,False,False,False,19875279.5,0.0,0.0,0.0,0.0,0.0,19875279.5,0.0,0.0,0.0,0.0,28751.25,56801.25,0.0,10701379.5,
hedge_fund_failure_re_survival,3,top_down,8930312.5,9153570.3125,0.0,0.0,9153570.3125,0.07803,696832.284375,982334.375,0.0,0.0,,0.0,0.0,0.0,0.0,0.0,0.0,0.0,667362.253125,0.0,0,0.0,687080.75,0.0,0.0,0.0,0.0,0.0,0.0,0.0,687080.75,,29470.03125,667362.253125,667362.253125,66736.22531250001,500521.68984375003,100104.33796875,0.025,9153570.3125,1083986.25,0.05,0.0,0.0,0.0,0.0,0.0,1638707.25234375,0.0,,0.0,0.0,687080.75,787185.08796875,0.0,0.0,0.0,0.0,0.0,,1435925.43984375,191456.72531250003,287185.08796875,500521.68984375003,0.0,500521.68984375003,66736.22531250001,100104.33796875,66736.22531250001,191456.72531250003,19808543.2746875,False,4714284.9184375,False,False,False,False,19808543.2746875,0.0,0.0,0.0,0.0,0.0,19808543.2746875,0.0,0.0,0.0,0.0,29470.03125,86271.28125,0.0,11579462.6528125,
hedge_fund_failure_re_survival,4,top_down,9153570.3125,9382409.5703125,0.0,0.0,9382409.5703125,0.07959060000000001,728538.1533140626,1006892.734375,0.0,0.0,,0.0,0.0,0.0,0.0,0.0,0.0,0.0,698331.3712828127,0.0,0,0.0,787185.08796875,0.0,0.0,0.0,0.0,0.0,0.0,0.0,787185.08796875,,30206.782031249997,698331.3712828127,698331.3712828127,69833.13712828128,523748.5284621095,104749.70569242189,0.025,9382409.5703125,1638707.25234375,0.05,0.0,0.0,0.0,0.0,0.0,2244391.1434230474,0.0,,0.0,0.0,787185.08796875,891934.7936611719,0.0,0.0,0.0,0.0,0.0,,1959673.9683058597,261289.86244078132,391934.79366117186,523748.5284621095,0.0,523748.5284621095,69833.13712828128,104749.70569242189,69833.13712828128,261289.86244078132,19738710.13755922,False,5481928.329662344,False,False,False,False,19738710.13755922,0.0,0.0,0.0,0.0,0.0,19738710.13755922,0.0,0.0,0.0,0.0,30206.782031249997,116478.06328125,0.0,12518735.507396718,
hedge_fund_failure_re_survival,5,top_down,9382409.5703125,9616969.809570312,0.0,0.0,9616969.809570312,0.081182412,761686.6392898523,1032065.052734375,0.0,0.0,,0.0,0.0,0.0,0.0,0.0,0.0,0.0,730724.6877078211,0.0,0,0.0,891934.7936611719,0.0,0.0,0.0,0.0,0.0,0.0,0.0,891934.7936611719,,30961.951582031248,730724.6877078211,730724.6877078211,73072.46877078211,548043.5157808659,109608.70315617317,0.025,9616969.809570312,2244391.1434230474,0.04,0.0,0.0,0.0,0.0,0.0,2882210.3049408356,0.0,,0.0,0.0,891934.7936611719,1001543.496817345,0.0,0.0,0.0,0.0,0.0,,2507717.484086726,334362.33121156343,501543.49681734503,548043.5157808659,0.0,548043.5157808659,73072.46877078211,109608.70315617317,73072.46877078211,334362.33121156343,19665637.668788437,False,6287996.2541507585,False,False,False,False,19665637.668788437,0.0,0.0,0.0,0.0,0.0,19665637.668788437,0.0,0.0,0.0,0.0,30961.951582031248,147440.01486328125,0.0,13500723.611328492,
hedge_fund_failure_re_survival,6,top_down,9616969.809570312,9857394.05480957,0.0,0.0,9857394.05480957,0.08280606023999999,796343.3813775405,1057866.6790527343,0.0,0.0,,0.0,0.0,0.0,0.0,0.0,0.0,0.0,764607.3810059585,0.0,0,0.0,1001543.496817345,0.0,0.0,0.0,0.0,0.0,0.0,0.0,1001543.496817345,,31736.000371582028,764607.3810059585,764607.3810059585,76460.73810059586,573455.5357544689,114691.10715089377,0.025,9857394.05480957,2882210.3049408356,0.04,0.0,0.0,0.0,0.0,0.0,3570954.252892938,0.0,,0.0,0.0,1001543.496817345,1116234.603968239,0.0,0.0,0.0,0.0,0.0,,3081173.0198411946,410823.0693121593,616234.6039682388,573455.5357544689,0.0,573455.5357544689,76460.73810059586,114691.10715089377,76460.73810059586,410823.0693121593,19589176.93068784,False,7151537.3705635695,False,False,False,False,19589176.93068784,0.0,0.0,0.0,0.0,0.0,19589176.93068784,0.0,0.0,0.0,0.0,31736.000371582028,179176.01523486327,0.0,14544582.911670746,
hedge_fund_failure_re_survival,7,top_down,9857394.05480957,10103828.906179808,0.0,0.0,10103828.906179808,0.0844621814448,832577.0052302188,1084313.3460290527,0.0,0.0,,0.0,0.0,0.0,0.0,0.0,0.0,0.0,800047.6048493471,0.0,0,0.0,1116234.603968239,0.0,0.0,0.0,0.0,0.0,0.0,0.0,1116234.603968239,,32529.400380871582,800047.6048493471,800047.6048493471,80004.76048493473,600035.7036370104,120007.14072740206,0.025,10103828.906179808,3570954.252892938,0.04,0.0,0.0,0.0,0.0,0.0,4313828.126645666,0.0,,0.0,0.0,1116234.603968239,1236241.744695641,0.0,0.0,0.0,0.0,0.0,,3681208.723478205,490827.82979709405,736241.7446956409,600035.7036370104,0.0,600035.7036370104,80004.76048493473,120007.14072740206,80004.76048493473,490827.82979709405,19509172.170202907,False,8076027.097886259,False,False,False,False,19509172.170202907,0.0,0.0,0.0,0.0,0.0,19509172.170202907,0.0,0.0,0.0,0.0,32529.400380871582,211705.41561573485,0.0,15653898.777521115,
hedge_fund_failure_re_survival,8,top_down,10103828.906179808,10356424.628834302,0.0,0.0,10356424.628834302,0.086151425073696,870459.2589681935,1111421.1796797789,0.0,0.0,,0.0,0.0,0.0,0.0,0.0,0.0,0.0,837116.6235778002,0.0,0,0.0,1236241.744695641,0.0,0.0,0.0,0.0,0.0,0.0,0.0,1236241.744695641,,33342.63539039336,837116.6235778002,837116.6235778002,83711.66235778003,627837.4676833502,125567.49353667002,0.025,10356424.628834302,4313828.126645666,0.04,0.0,0.0,0.0,0.0,0.0,5114218.719394842,0.0,,0.0,0.0,1236241.744695641,1361809.238232311,0.0,0.0,0.0,0.0,0.0,,4309046.191161555,574539.4921548741,861809.2382323109,627837.4676833502,0.0,627837.4676833502,83711.66235778003,125567.49353667002,83711.66235778003,574539.4921548741,19425460.507845126,False,9065134.114835728,False,False,False,False,19425460.507845126,0.0,0.0,0.0,0.0,0.0,19425460.507845126,0.0,0.0,0.0,0.0,33342.63539039336,245048.0510061282,0.0,16832452.586461455,
hedge_fund_failure_re_survival,9,top_down,10356424.628834302,10615335.244555159,0.0,0.0,10615335.244555159,0.08787445357516993,910065.1552512463,1139206.7091717732,0.0,0.0,,0.0,0.0,0.0,0.0,0.0,0.0,0.0,875888.9539760931,0.0,0,0.0,1361809.238232311,0.0,0.0,0.0,0.0,0.0,0.0,0.0,1361809.238232311,,34176.201275153195,875888.9539760931,875888.9539760931,87588.89539760932,656916.7154820699,131383.34309641397,0.025,10615335.244555159,5114218.719394842,0.04,0.0,0.0,0.0,0.0,0.0,5975704.183652706,0.0,,0.0,0.0,1361809.238232311,1493192.581328725,0.0,0.0,0.0,0.0,0.0,,4965962.906643625,662128.3875524835,993192.5813287249,656916.7154820699,0.0,656916.7154820699,87588.89539760932,131383.34309641397,87588.89539760932,662128.3875524835,19337871.612447515,False,10122730.576120222,False,False,False,False,19337871.612447515,0.0,0.0,0.0,0.0,0.0,19337871.612447515,0.0,0.0,0.0,0.0,34176.201275153195,279224.2522812814,0.0,18084232.00953659,
hedge_fund_failure_re_survival,10,top_down,10615335.244555159,10880718.625669036,0.0,0.0,10880718.625669036,0.08963194264667333,951473.119815178,1167686.8769010676,0.0,0.0,,0.0,0.0,0.0,0.0,0.0,0.0,0.0,916442.5135081459,0.0,0,0.0,1493192.581328725,0.0,0.0,0.0,0.0,0.0,0.0,0.0,1493192.581328725,,35030.60630703202,916442.5135081459,916442.5135081459,91644.2513508146,687331.8851311095,137466.3770262219,0.025,10880718.625669036,5975704.183652706,0.04,0.0,0.0,0.0,0.0,0.0,6902064.236129925,0.0,,0.0,0.0,1493192.581328725,1630658.958354947,0.0,0.0,0.0,0.0,0.0,,5653294.791774735,753772.6389032981,1130658.9583549467,687331.8851311095,0.0,687331.8851311095,91644.2513508146,137466.3770262219,91644.2513508146,753772.6389032981,19246227.361096703,True,11252902.850902129,False,False,False,False,19246227.361096703,0.0,0.0,0.0,0.0,0.0,19246227.361096703,0.0,0.0,0.0,0.0,35030.60630703202,314254.85858831345,0.0,19413441.820153907,HURDLE_REACHED_BUT_LIQUIDITY_CONSTRAINED
hedge_fund_failure_re_survival,11,top_down,10880718.625669036,11152736.591310762,0.0,0.0,11152736.591310762,0.09142458149960679,994765.1467667684,1196879.0488235939,0.0,0.0,,0.0,0.0,0.0,0.0,0.0,0.0,0.0,958858.7753020606,0.0,0,0.0,1630658.958354947,0.0,0.0,0.0,0.0,0.0,0.0,0.0,1630658.958354947,,35906.371464707816,958858.7753020606,958858.7753020606,95885.87753020607,719144.0814765454,143828.81629530908,0.025,11152736.591310762,6902064.236129925,0.04,0.0,0.0,0.0,0.0,0.0,7897290.887051668,0.0,,0.0,0.0,1630658.958354947,1774487.774650256,0.0,0.0,0.0,0.0,0.0,,6372438.87325128,849658.5164335042,1274487.7746502557,719144.0814765454,0.0,719144.0814765454,95885.87753020607,143828.81629530908,95885.87753020607,849658.5164335042,19150341.483566497,True,12459962.809529614,False,False,False,False,19150341.483566497,0.0,0.0,0.0,0.0,0.0,19150341.483566497,0.0,0.0,0.0,0.0,35906.371464707816,350161.2300530213,0.0,20824515.253012687,HURDLE_REACHED_BUT_LIQUIDITY_CONSTRAINED
hedge_fund_failure_re_survival,12,top_down,11152736.591310762,11431555.00609353,0.0,0.0,11431555.00609353,0.09325307312959893,1040026.9609446564,1226801.0250441837,0.0,0.0,,0.0,0.0,0.0,0.0,0.0,0.0,0.0,1003222.9301933309,0.0,0,0.0,1774487.774650256,0.0,0.0,0.0,0.0,0.0,0.0,0.0,1774487.774650256,,36804.03075132551,1003222.9301933309,1003222.9301933309,100322.2930193331,752417.1976449981,150483.43952899962,0.025,11431555.00609353,7897290.887051668,0.04,0.0,0.0,0.0,0.0,0.0,8965599.720178733,0.0,,0.0,0.0,1774487.774650256,1924971.2141792555,0.0,0.0,0.0,0.0,0.0,,7124856.070896278,949980.8094528373,1424971.2141792553,752417.1976449981,0.0,752417.1976449981,100322.2930193331,150483.43952899962,100322.2930193331,949980.8094528373,19050019.19054716,True,13748459.68588137,False,False,False,False,19050019.19054716,0.0,0.0,0.0,0.0,0.0,19050019.19054716,0.0,0.0,0.0,0.0,36804.03075132551,386965.26080434676,0.0,22322125.940451518,HURDLE_REACHED_BUT_LIQUIDITY_CONSTRAINED
hedge_fund_failure_re_survival,13,top_down,11431555.00609353,11717343.881245866,0.0,0.0,11717343.881245866,0.09511813459219091,1087348.1876676383,1257471.0506702883,0.0,0.0,,0.0,0.0,0.0,0.0,0.0,0.0,0.0,1049624.0561475297,0.0,0,0.0,1924971.2141792555,0.0,0.0,0.0,0.0,0.0,0.0,0.0,1924971.2141792555,,37724.13152010865,1049624.0561475297,1049624.0561475297,104962.40561475298,787218.0421106473,157443.60842212944,0.025,11717343.881245866,8965599.720178733,0.04,0.0,0.0,0.0,0.0,0.0,10111441.75109653,0.0,,0.0,0.0,1924971.2141792555,2082414.822601385,0.0,0.0,0.0,0.0,0.0,,7912074.113006925,1054943.2150675904,1582414.8226013847,787218.0421106473,0.0,787218.0421106473,104962.40561475298,157443.60842212944,104962.40561475298,1054943.2150675904,18945056.78493241,True,15123192.544009382,False,True,True,False,18945056.78493241,0.0,0.0,0.0,0.0,0.0,6349724.6786971595,0.0,0.0,0.0,0.0,37724.13152010865,424689.39232445543,0.0,23911200.454943784,HURDLE_TRIGGER_ATTEMPTED_BUT_INSUFFICIENT
hedge_fund_failure_re_survival,14,top_down,11717343.881245866,12010277.478277013,0.0,0.0,12010277.478277013,0.09702049728403474,1136822.5302065157,1288907.8269370452,0.0,0.0,,0.0,0.0,0.0,0.0,0.0,0.0,0.0,1098155.2953984044,0.0,0,0.0,2082414.822601385,0.0,0.0,0.0,0.0,0.0,0.0,0.0,2082414.822601385,,38667.23480811135,1098155.2953984044,1098155.2953984044,109815.52953984044,823616.4715488033,164723.29430976065,0.025,12010277.478277013,10111441.75109653,0.04,0.0,0.0,0.0,0.0,0.0,11339515.892689195,0.0,,0.0,0.0,2082414.822601385,2247138.1169111454,0.0,0.0,0.0,0.0,0.0,,8735690.584555728,1164758.7446074309,1747138.1169111454,823616.4715488033,0.0,823616.4715488033,109815.52953984044,164723.29430976065,109815.52953984044,1164758.7446074309,18835241.25539257,True,16589223.379169593,False,True,True,False,18835241.25539257,0.0,0.0,0.0,0.0,0.0,5080896.849395277,0.0,0.0,0.0,0.0,38667.23480811135,463356.62713256676,0.0,25596931.487877354,HURDLE_TRIGGER_ATTEMPTED_BUT_INSUFFICIENT
hedge_fund_failure_re_survival,15,top_down,12010277.478277013,12310534.415233936,0.0,0.0,12310534.415233936,0.09896090722971543,1188547.955330912,1321130.5226104714,0.0,0.0,,0.0,0.0,0.0,0.0,0.0,0.0,0.0,1148914.0396525979,0.0,0,0.0,2247138.1169111454,0.0,0.0,0.0,0.0,0.0,0.0,0.0,2247138.1169111454,,39633.91567831414,1148914.0396525979,1148914.0396525979,114891.40396525979,861685.5297394483,172337.10594788968,0.025,12310534.415233936,11339515.892689195,0.04,0.0,0.0,0.0,0.0,0.0,12654782.058136212,0.0,,0.0,0.0,2247138.1169111454,2419475.2228590352,0.0,0.0,0.0,0.0,0.0,,9597376.114295177,1279650.1485726908,1919475.222859035,861685.5297394483,0.0,861685.5297394483,114891.40396525979,172337.10594788968,114891.40396525979,1279650.1485726908,18720349.85142731,True,18151890.88480373,False,True,True,False,18720349.85142731,0.0,0.0,0.0,0.0,0.0,3732154.4811576307,0.0,0.0,0.0,0.0,39633.91567831414,502990.5428108809,0.0,27384791.696229186,HURDLE_TRIGGER_ATTEMPTED_BUT_INSUFFICIENT
hedge_fund_failure_re_survival,16,top_down,12310534.415233936,12618297.775614783,0.0,0.0,12618297.775614783,0.10094012537430974,1242626.8872984683,1354158.785675733,0.0,0.0,,0.0,0.0,0.0,0.0,0.0,0.0,0.0,1202002.1237281964,0.0,0,0.0,2419475.2228590352,0.0,0.0,0.0,0.0,0.0,0.0,0.0,2419475.2228590352,,40624.763570271985,1202002.1237281964,1202002.1237281964,120200.21237281965,901501.5927961473,180300.31855922946,0.025,12618297.775614783,12654782.058136212,0.04,0.0,0.0,0.0,0.0,0.0,14062474.933257807,0.0,,0.0,0.0,2419475.2228590352,2599775.5414182646,0.0,0.0,0.0,0.0,0.0,,10498877.707091324,1399850.3609455104,2099775.5414182646,901501.5927961473,0.0,901501.5927961473,120200.21237281965,180300.31855922946,120200.21237281965,1399850.3609455104,18600149.63905449,True,19816824.91857977,True,True,True,False,18600149.63905449,0.0,0.0,0.0,0.0,0.0,2298943.453789171,0.0,0.0,0.0,0.0,40624.763570271985,543615.306381153,0.0,29280548.250290856,HURDLE_TRIGGER_ATTEMPTED_BUT_INSUFFICIENT
hedge_fund_failure_re_survival,17,top_down,12618297.775614783,12933755.22000515,0.0,0.0,12933755.22000515,0.10295892788179593,1299166.4106705484,1388012.755317626,0.0,0.0,,0.0,0.0,0.0,0.0,0.0,0.0,0.0,1257526.0280110196,0.0,0,0.0,2599775.5414182646,0.0,0.0,0.0,0.0,0.0,0.0,0.0,2599775.5414182646,,41640.38265952878,1257526.0280110196,1257526.0280110196,125752.60280110197,943144.5210082647,188628.90420165294,0.025,12933755.22000515,14062474.933257807,0.04,0.0,0.0,0.0,0.0,0.0,15568118.451596385,0.0,,0.0,0.0,2599775.5414182646,2788404.4456199175,0.0,0.0,0.0,0.0,0.0,,11442022.228099588,1525602.9637466124,2288404.4456199175,943144.5210082647,0.0,943144.5210082647,125752.60280110197,188628.90420165294,125752.60280110197,1525602.9637466124,18474397.03625339,True,21589961.70221759,True,True,True,False,18474397.03625339,0.0,0.0,0.0,0.0,0.0,776464.9469348975,0.0,0.0,0.0,0.0,41640.38265952878,585255.6890406817,0.0,31290278.117221452,HURDLE_TRIGGER_ATTEMPTED_BUT_INSUFFICIENT
hedge_fund_failure_re_survival,18,top_down,12933755.22000515,13257099.10050528,0.0,0.0,13257099.10050528,0.10501810643943187,1358278.4823560584,1422713.0742005666,0.0,0.0,,0.0,0.0,0.0,0.0,0.0,0.0,0.0,1315597.0901300414,0.0,0,0.0,2788404.4456199175,0.0,0.0,0.0,0.0,0.0,0.0,0.0,2788404.4456199175,,42681.392226017,1315597.0901300414,1315597.0901300414,131559.70901300415,986697.817597531,197339.5635195062,0.025,13257099.10050528,15568118.451596385,0.04,0.0,0.0,0.0,0.0,0.0,4294385.251814444,0.0,,0.0,2473937.562657634,2788404.4456199175,0.0,0.0,0.0,0.0,0.0,0.0,,12428720.04569712,20000000.0,2485744.0091394237,986697.817597531,0.0,986697.817597531,18474397.03625339,197339.5635195062,18474397.03625339,20000000.0,0.0,True,23477559.791523512,True,True,True,True,18342837.327240385,0.0,2985744.0091394237,12883155.755443327,2473937.562657634,0.0,0.0,12883155.755443327,2473937.562657634,0.0,0.0,42681.392226017,627937.0812666987,15077546.789662091,15077546.789662091,HURDLE_COMPLETION_TRIGGER_EXECUTED
real_estate_distress_crypto_success,1,top_down,8500000.0,8245000.0,0.0,0.0,8245000.0,0.045,382500.0,680000.0,0.0,0.0,,0.0,0.0,0.0,0.0,0.0,0.0,0.0,362100.0,0.0,0,0.0,500000.0,0.0,0.0,0.0,0.0,0.0,0.0,0.0,500000.0,,20400.0,362100.0,362100.0,36210.0,271575.0,54315.0,-0.03,8245000.0,1000000.0,0.6,0.0,0.0,0.0,0.0,0.0,1871575.0,0.0,,0.0,0.0,500000.0,554315.0,0.0,0.0,0.0,0.0,0.0,,271575.0,36210.0,54315.0,271575.0,0.0,271575.0,36210.0,54315.0,36210.0,36210.0,19963790.0,False,4487140.0,False,False,False,False,19963790.0,0.0,0.0,0.0,0.0,0.0,19963790.0,0.0,0.0,0.0,0.0,20400.0,20400.0,0.0,10670890.0,
real_estate_distress_crypto_success,2,top_down,8245000.0,7997650.0,0.0,0.0,7997650.0,0.04455,367314.75,659600.0,0.0,0.0,,0.0,0.0,0.0,0.0,0.0,0.0,0.0,347526.75,0.0,0,0.0,554315.0,0.0,0.0,0.0,0.0,0.0,0.0,0.0,554315.0,,19788.0,347526.75,347526.75,34752.675,260645.0625,52129.0125,-0.03,7997650.0,1871575.0,0.4,0.0,0.0,0.0,0.0,0.0,2880850.0625,0.0,,0.0,0.0,554315.0,606444.0125,0.0,0.0,0.0,0.0,0.0,,532220.0625,70962.675,106444.0125,260645.0625,0.0,260645.0625,34752.675,52129.0125,34752.675,70962.675,19929037.325,False,5486706.575,False,False,False,False,19929037.325,0.0,0.0,0.0,0.0,0.0,19929037.325,0.0,0.0,0.0,0.0,19788.0,40188.0,0.0,11484944.075,
real_estate_distress_crypto_success,3,top_down,7997650.0,7757720.5,0.0,0.0,7757720.5,0.0441045,352732.35442499997,639812.0,0.0,0.0,,0.0,0.0,0.0,0.0,0.0,0.0,0.0,333537.994425,0.0,0,0.0,606444.0125,0.0,0.0,0.0,0.0,0.0,0.0,0.0,606444.0125,,19194.36,333537.994425,333537.994425,33353.7994425,250153.49581875,50030.699163749996,-0.03,7757720.5,2880850.0625,0.25,0.0,0.0,0.0,0.0,0.0,3851216.07394375,0.0,,0.0,0.0,606444.0125,656474.71166375,0.0,0.0,0.0,0.0,0.0,,782373.55831875,104316.47444250001,156474.71166375,250153.49581875,0.0,250153.49581875,33353.7994425,50030.699163749996,33353.7994425,104316.47444250001,19895683.5255575,False,6447120.9106075,False,False,False,False,19895683.5255575,0.0,0.0,0.0,0.0,0.0,19895683.5255575,0.0,0.0,0.0,0.0,19194.36,59382.36,0.0,12265411.285607498,
real_estate_distress_crypto_success,4,top_down,7757720.5,7524988.885,0.0,0.0,7524988.885,0.043663455,338728.8799543275,620617.64,0.0,0.0,,0.0,0.0,0.0,0.0,0.0,0.0,0.0,320110.3507543275,0.0,0,0.0,656474.71166375,0.0,0.0,0.0,0.0,0.0,0.0,0.0,656474.71166375,,18618.5292,320110.3507543275,320110.3507543275,32011.035075432752,240082.76306574562,48016.55261314912,-0.03,7524988.885,3851216.07394375,0.35,0.0,0.0,0.0,0.0,0.0,5439224.462889809,0.0,,0.0,0.0,656474.71166375,704491.2642768992,0.0,0.0,0.0,0.0,0.0,,1022456.3213844956,136327.50951793278,204491.2642768991,240082.76306574562,0.0,240082.76306574562,32011.035075432752,48016.55261314912,32011.035075432752,136327.50951793278,19863672.490482066,False,8024962.948416708,False,False,False,False,19863672.490482066,0.0,0.0,0.0,0.0,0.0,19863672.490482066,0.0,0.0,0.0,0.0,18618.5292,78000.8892,0.0,13668704.612166708,
real_estate_distress_crypto_success,5,top_down,7524988.885,7299239.21845,0.0,0.0,7299239.21845,0.043226820449999995,325281.3434201406,601999.1108,0.0,0.0,,0.0,0.0,0.0,0.0,0.0,0.0,0.0,307221.3700961406,0.0,0,0.0,704491.2642768992,0.0,0.0,0.0,0.0,0.0,0.0,0.0,704491.2642768992,,18059.973324,307221.3700961406,307221.3700961406,30722.13700961406,230416.02757210546,46083.20551442109,-0.03,7299239.21845,5439224.462889809,0.1,0.0,0.0,0.0,0.0,0.0,6213562.936750896,0.0,,0.0,0.0,704491.2642768992,750574.4697913203,0.0,0.0,0.0,0.0,0.0,,1252872.348956601,167049.64652754684,250574.4697913202,230416.02757210546,0.0,230416.02757210546,30722.13700961406,46083.20551442109,30722.13700961406,167049.64652754684,19832950.353472453,False,8788947.211154716,False,False,False,False,19832950.353472453,0.0,0.0,0.0,0.0,0.0,19832950.353472453,0.0,0.0,0.0,0.0,18059.973324,96060.862524,0.0,14263376.624992216,
real_estate_distress_crypto_success,6,top_down,7299239.21845,7080262.0418965,0.0,0.0,7080262.0418965,0.042794552245499995,312367.6740863611,583939.137476,0.0,0.0,,0.0,0.0,0.0,0.0,0.0,0.0,0.0,294849.4999620811,0.0,0,0.0,750574.4697913203,0.0,0.0,0.0,0.0,0.0,0.0,0.0,750574.4697913203,,17518.174124279998,294849.4999620811,294849.4999620811,29484.94999620811,221137.1249715608,44227.42499431216,-0.03,7080262.0418965,6213562.936750896,0.45,0.0,0.0,0.0,0.0,0.0,9230803.38326036,0.0,,0.0,0.0,750574.4697913203,794801.8947856324,0.0,0.0,0.0,0.0,0.0,,1474009.473928162,196534.59652375494,294801.8947856324,221137.1249715608,0.0,221137.1249715608,29484.94999620811,44227.42499431216,29484.94999620811,196534.59652375494,19803465.403476246,False,11795670.788520118,False,False,False,False,19803465.403476246,0.0,0.0,0.0,0.0,0.0,19803465.403476246,0.0,0.0,0.0,0.0,17518.174124279998,113579.03664827999,0.0,17105867.319942493,
real_estate_distress_crypto_success,7,top_down,7080262.0418965,6867854.180639604,0.0,0.0,6867854.180639604,0.042366606723045,299966.67742513254,566420.96335172,0.0,0.0,,0.0,0.0,0.0,0.0,0.0,0.0,0.0,282974.04852458095,0.0,0,0.0,794801.8947856324,0.0,0.0,0.0,0.0,0.0,0.0,0.0,794801.8947856324,,16992.6289005516,282974.04852458095,282974.04852458095,28297.404852458098,212230.53639343573,42446.107278687145,-0.03,6867854.180639604,9230803.38326036,0.05,0.0,0.0,0.0,0.0,0.0,9904574.088816814,0.0,,0.0,0.0,794801.8947856324,837248.0020643196,0.0,0.0,0.0,0.0,0.0,,1686240.0103215976,224832.00137621304,337248.0020643195,212230.53639343573,0.0,212230.53639343573,28297.404852458098,42446.107278687145,28297.404852458098,224832.00137621304,19775167.99862379,False,12458785.636041034,False,False,False,False,19775167.99862379,0.0,0.0,0.0,0.0,0.0,19775167.99862379,0.0,0.0,0.0,0.0,16992.6289005516,130571.66554883159,0.0,17609676.271520738,
real_estate_distress_crypto_success,8,top_down,6867854.180639604,6661818.555220416,0.0,0.0,6661818.555220416,0.041942940655814547,288058.00033135473,549428.3344511683,0.0,0.0,,0.0,0.0,0.0,0.0,0.0,0.0,0.0,271575.1502978197,0.0,0,0.0,837248.0020643196,0.0,0.0,0.0,0.0,0.0,0.0,0.0,837248.0020643196,,16482.850033535047,271575.1502978197,271575.1502978197,27157.51502978197,203681.3627233648,40736.27254467295,-0.03,6661818.555220416,9904574.088816814,0.12,0.0,0.0,0.0,0.0,0.0,11296804.342198199,0.0,,0.0,0.0,837248.0020643196,877984.2746089925,0.0,0.0,0.0,0.0,0.0,,1889921.3730449623,251989.516405995,377984.27460899245,203681.3627233648,0.0,203681.3627233648,27157.51502978197,40736.27254467295,27157.51502978197,251989.516405995,19748010.483594004,False,13840243.255612295,False,False,False,False,19748010.483594004,0.0,0.0,0.0,0.0,0.0,19748010.483594004,0.0,0.0,0.0,0.0,16482.850033535047,147054.51558236664,0.0,18836607.172027607,
real_estate_distress_crypto_success,9,top_down,6661818.555220416,6461963.998563803,0.0,0.0,6461963.998563803,0.0415235112492564,276622.09771819995,532945.4844176333,0.0,0.0,,0.0,0.0,0.0,0.0,0.0,0.0,0.0,260633.73318567095,0.0,0,0.0,877984.2746089925,0.0,0.0,0.0,0.0,0.0,0.0,0.0,877984.2746089925,,15988.364532528998,260633.73318567095,260633.73318567095,26063.373318567097,195475.29988925322,39095.059977850644,-0.03,6461963.998563803,11296804.342198199,0.15,0.0,0.0,0.0,0.0,0.0,13186800.293417182,0.0,,0.0,0.0,877984.2746089925,917079.3345868431,0.0,0.0,0.0,0.0,0.0,,2085396.6729342155,278052.8897245621,417079.3345868431,195475.29988925322,0.0,195475.29988925322,26063.373318567097,39095.059977850644,26063.373318567097,278052.8897245621,19721947.110275436,True,15719370.627644977,False,False,False,False,19721947.110275436,0.0,0.0,0.0,0.0,0.0,19721947.110275436,0.0,0.0,0.0,0.0,15988.364532528998,163042.88011489564,0.0,20565843.62656783,HURDLE_REACHED_BUT_LIQUIDITY_CONSTRAINED
real_estate_distress_crypto_success,10,top_down,6461963.998563803,6268105.078606889,0.0,0.0,6268105.078606889,0.041108276136763836,265640.2004387874,516957.11988510424,0.0,0.0,,0.0,0.0,0.0,0.0,0.0,0.0,0.0,250131.48684223427,0.0,0,0.0,917079.3345868431,0.0,0.0,0.0,0.0,0.0,0.0,0.0,917079.3345868431,,15508.713596553127,250131.48684223427,250131.48684223427,25013.14868422343,187598.6151316757,37519.72302633514,-0.03,6268105.078606889,13186800.293417182,0.25,0.0,0.0,0.0,0.0,0.0,16671098.981903154,0.0,,0.0,0.0,917079.3345868431,954599.0576131783,0.0,0.0,0.0,0.0,0.0,,2272995.2880658912,303066.03840878553,454599.0576131782,187598.6151316757,0.0,187598.6151316757,25013.14868422343,37519.72302633514,25013.14868422343,303066.03840878553,19696933.961591214,True,19192724.309168056,False,False,False,False,19696933.961591214,0.0,0.0,0.0,0.0,0.0,19696933.961591214,0.0,0.0,0.0,0.0,15508.713596553127,178551.59371144878,0.0,23893803.118123222,HURDLE_REACHED_BUT_LIQUIDITY_CONSTRAINED
real_estate_distress_crypto_success,11,top_down,6268105.078606889,6080061.926248682,0.0,0.0,6080061.926248682,0.0406971933753962,255094.28448136753,501448.4062885511,0.0,0.0,,0.0,0.0,0.0,0.0,0.0,0.0,0.0,240050.832292711,0.0,0,0.0,954599.0576131783,0.0,0.0,0.0,0.0,0.0,0.0,0.0,954599.0576131783,,15043.452188656533,240050.832292711,240050.832292711,24005.083229271102,180038.12421953326,36007.62484390665,-0.03,6080061.926248682,16671098.981903154,0.25,0.0,0.0,0.0,0.0,0.0,21018911.851598475,0.0,,0.0,0.0,954599.0576131783,990606.6824570849,0.0,0.0,0.0,0.0,0.0,,2453033.4122854243,327071.12163805665,490606.6824570849,180038.12421953326,0.0,180038.12421953326,24005.083229271102,36007.62484390665,24005.083229271102,327071.12163805665,19672928.878361944,True,23529534.015617732,True,False,False,False,19672928.878361944,0.0,0.0,0.0,0.0,0.0,19672928.878361944,0.0,0.0,0.0,0.0,15043.452188656533,193595.0459001053,0.0,28089580.46030424,HURDLE_REACHED_BUT_LIQUIDITY_CONSTRAINED
real_estate_distress_crypto_success,12,top_down,6080061.926248682,5897660.068461221,0.0,0.0,5897660.068461221,0.04029022144164224,244967.04138745726,486404.95409989456,0.0,0.0,,0.0,0.0,0.0,0.0,0.0,0.0,0.0,230374.8927644604,0.0,0,0.0,990606.6824570849,0.0,0.0,0.0,0.0,0.0,0.0,0.0,990606.6824570849,,14592.148622996836,230374.8927644604,230374.8927644604,23037.489276446042,172781.1695733453,34556.23391466906,-0.03,5897660.068461221,21018911.851598475,0.25,0.0,0.0,0.0,0.0,0.0,26446420.984071437,0.0,,0.0,0.0,990606.6824570849,1025162.9163717539,0.0,0.0,0.0,0.0,0.0,,2625814.5818587695,350108.6109145027,525162.9163717539,172781.1695733453,0.0,172781.1695733453,23037.489276446042,34556.23391466906,23037.489276446042,350108.6109145027,19649891.389085498,True,28945998.9175585,True,False,False,False,19649891.389085498,0.0,0.0,0.0,0.0,0.0,19649891.389085498,0.0,0.0,0.0,0.0,14592.148622996836,208187.19452310214,0.0,33369243.968904413,HURDLE_REACHED_BUT_LIQUIDITY_CONSTRAINED
real_estate_distress_crypto_success,13,top_down,5897660.068461221,5720730.266407384,0.0,0.0,5720730.266407384,0.03988731922722581,235241.84984437516,471812.8054768977,0.0,0.0,,0.0,0.0,0.0,0.0,0.0,0.0,0.0,221087.46568006824,0.0,0,0.0,1025162.9163717539,0.0,0.0,0.0,0.0,0.0,0.0,0.0,1025162.9163717539,,14154.38416430693,221087.46568006824,221087.46568006824,22108.746568006827,165815.59926005118,33163.11985201023,-0.03,5720730.266407384,26446420.984071437,0.25,0.0,0.0,0.0,0.0,0.0,33223841.829349346,0.0,,0.0,0.0,1025162.9163717539,1058326.036223764,0.0,0.0,0.0,0.0,0.0,,2791630.181118821,372217.3574825095,558326.0362237642,165815.59926005118,0.0,165815.59926005118,22108.746568006827,33163.11985201023,22108.746568006827,372217.3574825095,19627782.642517492,True,35712350.43217495,True,False,False,False,19627782.642517492,0.0,0.0,0.0,0.0,0.0,19627782.642517492,0.0,0.0,0.0,0.0,14154.38416430693,222341.57868740906,0.0,40002898.13198049,HURDLE_REACHED_BUT_LIQUIDITY_CONSTRAINED
real_estate_distress_crypto_success,14,top_down,5720730.266407384,5549108.358415162,0.0,0.0,5549108.358415162,0.03948844603495355,225902.74840555343,457658.4213125907,0.0,0.0,,0.0,0.0,0.0,0.0,0.0,0.0,0.0,212172.9957661757,0.0,0,0.0,1058326.036223764,0.0,0.0,0.0,0.0,0.0,0.0,0.0,1058326.036223764,,13729.75263937772,212172.9957661757,212172.9957661757,21217.299576617574,159129.7468246318,31825.949364926353,-0.03,5549108.358415162,33223841.829349346,0.25,0.0,0.0,0.0,0.0,0.0,41688932.03351131,0.0,,0.0,0.0,1058326.036223764,1090151.9855886905,0.0,0.0,0.0,0.0,0.0,,2950759.9279434527,393434.6570591271,590151.9855886905,159129.7468246318,0.0,159129.7468246318,21217.299576617574,31825.949364926353,21217.299576617574,393434.6570591271,19606565.342940874,True,44166361.10870379,True,False,False,False,19606565.342940874,0.0,0.0,0.0,0.0,0.0,19606565.342940874,0.0,0.0,0.0,0.0,13729.75263937772,236071.33132678678,0.0,48328192.37751517,HURDLE_REACHED_BUT_LIQUIDITY_CONSTRAINED
real_estate_distress_crypto_success,15,top_down,5549108.358415162,5382635.107662708,0.0,0.0,5382635.107662708,0.039093561574604016,216934.40929385295,443928.668673213,0.0,0.0,,0.0,0.0,0.0,0.0,0.0,0.0,0.0,203616.54923365655,0.0,0,0.0,1090151.9855886905,0.0,0.0,0.0,0.0,0.0,0.0,0.0,1090151.9855886905,,13317.86006019639,203616.54923365655,203616.54923365655,20361.654923365655,152712.4119252424,30542.482385048483,-0.03,5382635.107662708,41688932.03351131,0.25,0.0,0.0,0.0,0.0,0.0,52263877.45381438,0.0,,0.0,0.0,1090151.9855886905,1120694.467973739,0.0,0.0,0.0,0.0,0.0,,3103472.339868695,413796.3119824928,620694.467973739,152712.4119252424,0.0,152712.4119252424,20361.654923365655,30542.482385048483,20361.654923365655,413796.3119824928,19586203.688017506,True,54730230.698703796,True,False,False,False,19586203.688017506,0.0,0.0,0.0,0.0,0.0,19586203.688017506,0.0,0.0,0.0,0.0,13317.86006019639,249389.19138698318,0.0,58767207.02945083,HURDLE_REACHED_BUT_LIQUIDITY_CONSTRAINED
real_estate_distress_crypto_success,16,top_down,5382635.107662708,5221156.054432826,0.0,0.0,5221156.054432826,0.03870262595885798,208322.113244887,430610.8086130166,0.0,0.0,,0.0,0.0,0.0,0.0,0.0,0.0,0.0,195403.7889864965,0.0,0,0.0,1120694.467973739,0.0,0.0,0.0,0.0,0.0,0.0,0.0,1120694.467973739,,12918.324258390498,195403.7889864965,195403.7889864965,19540.37889864965,146552.84173987238,29310.568347974477,-0.03,5221156.054432826,52263877.45381438,0.25,0.0,0.0,0.0,0.0,0.0,65476399.65900785,0.0,,0.0,0.0,1120694.467973739,1150005.0363217134,0.0,0.0,0.0,0.0,0.0,,3250025.1816085675,433336.69088114245,650005.0363217135,146552.84173987238,0.0,146552.84173987238,19540.37889864965,29310.568347974477,19540.37889864965,433336.69088114245,19566663.309118856,True,67931693.70893776,True,False,False,False,19566663.309118856,0.0,0.0,0.0,0.0,0.0,19566663.309118856,0.0,0.0,0.0,0.0,12918.324258390498,262307.51564537367,0.0,71847560.74976239,HURDLE_REACHED_BUT_LIQUIDITY_CONSTRAINED
real_estate_distress_crypto_success,17,top_down,5221156.054432826,5064521.372799841,0.0,0.0,5064521.372799841,0.0383155996992694,200051.725349065,417692.4843546261,0.0,0.0,,0.0,0.0,0.0,0.0,0.0,0.0,0.0,187520.9508184262,0.0,0,0.0,1150005.0363217134,0.0,0.0,0.0,0.0,0.0,0.0,0.0,1150005.0363217134,,12530.774530638782,187520.9508184262,187520.9508184262,18752.09508184262,140640.71311381966,28128.14262276393,-0.03,5064521.372799841,65476399.65900785,0.25,0.0,0.0,0.0,0.0,0.0,81986140.28687362,0.0,,0.0,0.0,1150005.0363217134,1178133.1789444773,0.0,0.0,0.0,0.0,0.0,,3390665.894722387,452088.7859629851,678133.1789444773,140640.71311381966,0.0,140640.71311381966,18752.09508184262,28128.14262276393,18752.09508184262,452088.7859629851,19547911.214037016,True,84430403.80901806,True,False,False,False,19547911.214037016,0.0,0.0,0.0,0.0,0.0,19547911.214037016,0.0,0.0,0.0,0.0,12530.774530638782,274838.29017601244,0.0,88228794.83861795,HURDLE_REACHED_BUT_LIQUIDITY_CONSTRAINED
real_estate_distress_crypto_success,18,top_down,5064521.372799841,4912585.731615845,0.0,0.0,4912585.731615845,0.037932443702276705,192109.6718527071,405161.7098239873,0.0,0.0,,0.0,0.0,0.0,0.0,0.0,0.0,0.0,179954.8205579875,0.0,0,0.0,1178133.1789444773,0.0,0.0,0.0,0.0,0.0,0.0,0.0,1178133.1789444773,,12154.851294719618,179954.8205579875,179954.8205579875,17995.48205579875,134966.1154184906,26993.22308369812,-0.03,4912585.731615845,81986140.28687362,0.25,0.0,0.0,0.0,0.0,0.0,102617641.47401053,0.0,,0.0,0.0,1178133.1789444773,1205126.4020281755,0.0,0.0,0.0,0.0,0.0,,3525632.0101408777,470084.2680187838,705126.4020281754,134966.1154184906,0.0,134966.1154184906,17995.48205579875,26993.22308369812,17995.48205579875,470084.2680187838,19529915.731981218,True,105050914.30894266,True,False,False,False,19529915.731981218,0.0,0.0,0.0,0.0,0.0,19529915.731981218,0.0,0.0,0.0,0.0,12154.851294719618,286993.14147073205,0.0,108735353.60765454,HURDLE_REACHED_BUT_LIQUIDITY_CONSTRAINED
real_estate_distress_crypto_success,19,top_down,4912585.731615845,4765208.15966737,0.0,0.0,4765208.15966737,0.03755311926525393,184482.9178801546,393006.8585292676,0.0,0.0,,0.0,0.0,0.0,0.0,0.0,0.0,0.0,172692.71212427656,0.0,0,0.0,1205126.4020281755,0.0,0.0,0.0,0.0,0.0,0.0,0.0,1205126.4020281755,,11790.205755878027,172692.71212427656,172692.71212427656,17269.271212427655,129519.53409320742,25903.906818641484,-0.03,4765208.15966737,102617641.47401053,0.25,0.0,0.0,0.0,0.0,0.0,128401571.37660636,0.0,,0.0,0.0,1205126.4020281755,1231030.3088468171,0.0,0.0,0.0,0.0,0.0,,3655151.544234085,487353.5392312115,731030.3088468169,129519.53409320742,0.0,129519.53409320742,17269.271212427655,25903.906818641484,17269.271212427655,487353.5392312115,19512646.46076879,True,130823903.72537002,True,False,False,False,19512646.46076879,0.0,0.0,0.0,0.0,0.0,19512646.46076879,0.0,0.0,0.0,0.0,11790.205755878027,298783.34722661006,0.0,134397809.84512055,HURDLE_REACHED_BUT_LIQUIDITY_CONSTRAINED
real_estate_distress_crypto_success,20,top_down,4765208.15966737,4622251.914877349,0.0,0.0,4622251.914877349,0.037177588072601395,177158.94604031244,381216.6527733896,0.0,0.0,,0.0,0.0,0.0,0.0,0.0,0.0,0.0,165722.44645711075,0.0,0,0.0,1231030.3088468171,0.0,0.0,0.0,0.0,0.0,0.0,0.0,1231030.3088468171,,11436.499583201687,165722.44645711075,165722.44645711075,16572.244645711075,124291.83484283306,24858.366968566614,-0.03,4622251.914877349,128401571.37660636,0.25,0.0,0.0,0.0,0.0,0.0,160626256.0556008,0.0,,0.0,0.0,1231030.3088468171,1255888.6758153837,0.0,0.0,0.0,0.0,0.0,,3779443.379076918,503925.78387692256,755888.6758153836,124291.83484283306,0.0,124291.83484283306,16572.244645711075,24858.366968566614,16572.244645711075,503925.78387692256,19496074.216123078,True,163037707.7101355,True,False,False,False,19496074.216123078,0.0,0.0,0.0,0.0,0.0,19496074.216123078,0.0,0.0,0.0,0.0,11436.499583201687,310219.8468098118,0.0,166504396.64629352,HURDLE_REACHED_BUT_LIQUIDITY_CONSTRAINED
exceptional_dynasty_outcome,1,top_down,8500000.0,9180000.0,0.0,0.0,9180000.0,0.085,722500.0,1105000.0,0.0,0.0,,0.0,0.0,0.0,0.0,0.0,0.0,0.0,689350.0,0.0,0,0.0,500000.0,0.0,0.0,0.0,0.0,0.0,0.0,0.0,500000.0,,33150.0,689350.0,689350.0,68935.0,517012.5,103402.5,0.08,9180000.0,1000000.0,0.6,0.0,0.0,0.0,0.0,0.0,2117012.5,0.0,,0.0,0.0,500000.0,603402.5,0.0,0.0,0.0,0.0,0.0,,517012.5,68935.0,103402.5,517012.5,0.0,517012.5,68935.0,103402.5,68935.0,68935.0,19931065.0,False,5015415.0,False,False,False,False,19931065.0,0.0,0.0,0.0,0.0,0.0,19931065.0,0.0,0.0,0.0,0.0,33150.0,33150.0,0.0,11900415.0,
exceptional_dynasty_outcome,2,top_down,9180000.0,9914400.0,0.0,0.0,9914400.0,0.0884,811512.0000000001,1193400.0,0.0,0.0,,0.0,0.0,0.0,0.0,0.0,0.0,0.0,775710.0000000001,0.0,0,0.0,603402.5,0.0,0.0,0.0,0.0,0.0,0.0,0.0,603402.5,,35802.0,775710.0000000001,775710.0000000001,77571.00000000001,581782.5000000001,116356.50000000001,0.08,9914400.0,2117012.5,0.5,0.0,0.0,0.0,0.0,0.0,3757301.25,0.0,,0.0,0.0,603402.5,719759.0,0.0,0.0,0.0,0.0,0.0,,1098795.0,146506.0,219759.0,581782.5000000001,0.0,581782.5000000001,77571.00000000001,116356.50000000001,77571.00000000001,146506.0,19853494.0,False,6955660.25,False,False,False,False,19853494.0,0.0,0.0,0.0,0.0,0.0,19853494.0,0.0,0.0,0.0,0.0,35802.0,68952.0,0.0,14391460.25,
exceptional_dynasty_outcome,3,top_down,9914400.0,10707552.0,0.0,0.0,10707552.0,0.09193600000000002,911490.2784000002,1288872.0,0.0,0.0,,0.0,0.0,0.0,0.0,0.0,0.0,0.0,872824.1184000002,0.0,0,0.0,719759.0,0.0,0.0,0.0,0.0,0.0,0.0,0.0,719759.0,,38666.159999999996,872824.1184000002,872824.1184000002,87282.41184000002,654618.0888000001,130923.61776000002,0.08,10707552.0,3757301.25,0.3,0.0,0.0,0.0,0.0,0.0,5539109.7138,0.0,,0.0,0.0,719759.0,850682.61776,0.0,0.0,0.0,0.0,0.0,,1753413.0888,233788.41184000002,350682.61776000005,654618.0888000001,0.0,654618.0888000001,87282.41184000002,130923.61776000002,87282.41184000002,233788.41184000002,19766211.58816,False,9066680.33156,False,False,False,False,19766211.58816,0.0,0.0,0.0,0.0,0.0,19766211.58816,0.0,0.0,0.0,0.0,38666.159999999996,107618.16,0.0,17097344.33156,
exceptional_dynasty_outcome,4,top_down,10707552.0,11564156.16,0.0,0.0,11564156.16,0.09561344000000001,1023785.8806988801,1391981.76,0.0,0.0,,0.0,0.0,0.0,0.0,0.0,0.0,0.0,982026.4278988801,0.0,0,0.0,850682.61776,0.0,0.0,0.0,0.0,0.0,0.0,0.0,850682.61776,,41759.4528,982026.4278988801,982026.4278988801,98202.64278988802,736519.8209241601,147303.964184832,0.08,11564156.16,5539109.7138,0.2,0.0,0.0,0.0,0.0,0.0,7383451.47748416,0.0,,0.0,0.0,850682.61776,997986.5819448321,0.0,0.0,0.0,0.0,0.0,,2489932.90972416,331991.05462988804,497986.58194483205,736519.8209241601,0.0,736519.8209241601,98202.64278988802,147303.964184832,98202.64278988802,331991.05462988804,19668008.94537011,True,11272477.099428993,False,False,False,False,19668008.94537011,0.0,0.0,0.0,0.0,0.0,19668008.94537011,0.0,0.0,0.0,0.0,41759.4528,149377.6128,0.0,19945594.21942899,HURDLE_REACHED_BUT_LIQUIDITY_CONSTRAINED
exceptional_dynasty_outcome,5,top_down,11564156.16,12489288.652800001,0.0,0.0,12489288.652800001,0.09943797760000002,1149916.3012009822,1503340.3008,0.0,0.0,,0.0,0.0,0.0,0.0,0.0,0.0,0.0,1104816.0921769822,0.0,0,0.0,997986.5819448321,0.0,0.0,0.0,0.0,0.0,0.0,0.0,997986.5819448321,,45100.209024,1104816.0921769822,1104816.0921769822,110481.60921769822,828612.0691327367,165722.41382654733,0.08,12489288.652800001,7383451.47748416,0.15,0.0,0.0,0.0,0.0,0.0,9319581.268239519,0.0,,0.0,0.0,997986.5819448321,1163708.9957713794,0.0,0.0,0.0,0.0,0.0,,3318544.978856897,442472.66384758626,663708.9957713794,828612.0691327367,0.0,828612.0691327367,110481.60921769822,165722.41382654733,110481.60921769822,442472.66384758626,19557527.336152412,True,13605612.4272109,False,False,False,False,19557527.336152412,0.0,0.0,0.0,0.0,0.0,19557527.336152412,0.0,0.0,0.0,0.0,45100.209024,194477.821824,0.0,22972578.9168109,HURDLE_REACHED_BUT_LIQUIDITY_CONSTRAINED
exceptional_dynasty_outcome,6,top_down,12489288.652800001,13488431.745024003,0.0,0.0,13488431.745024003,0.10341549670400002,1291585.9895089434,1623607.5248640003,0.0,0.0,,0.0,0.0,0.0,0.0,0.0,0.0,0.0,1242877.7637630233,0.0,0,0.0,1163708.9957713794,0.0,0.0,0.0,0.0,0.0,0.0,0.0,1163708.9957713794,,48708.225745920005,1242877.7637630233,1242877.7637630233,124287.77637630234,932158.3228222674,186431.6645644535,0.08,13488431.745024003,9319581.268239519,0.2,0.0,0.0,0.0,0.0,0.0,12115655.844709689,0.0,,0.0,0.0,1163708.9957713794,1350140.660335833,0.0,0.0,0.0,0.0,0.0,,4250703.301679164,566760.4402238886,850140.660335833,932158.3228222674,0.0,932158.3228222674,124287.77637630234,186431.6645644535,124287.77637630234,566760.4402238886,19433239.559776112,True,16837904.441301525,False,False,False,False,19433239.559776112,0.0,0.0,0.0,0.0,0.0,19433239.559776112,0.0,0.0,0.0,0.0,48708.225745920005,243186.04756992002,0.0,26954228.25006952,HURDLE_REACHED_BUT_LIQUIDITY_CONSTRAINED
exceptional_dynasty_outcome,7,top_down,13488431.745024003,14567506.284625925,0.0,0.0,14567506.284625925,0.10755211657216004,1450709.3834164457,1753496.1268531205,0.0,0.0,,0.0,0.0,0.0,0.0,0.0,0.0,0.0,1398104.499610852,0.0,0,0.0,1350140.660335833,0.0,0.0,0.0,0.0,0.0,0.0,0.0,1350140.660335833,,52604.883805593614,1398104.499610852,1398104.499610852,139810.4499610852,1048578.3747081389,209715.6749416278,0.08,14567506.284625925,12115655.844709689,0.1,0.0,0.0,0.0,0.0,0.0,14375799.803888798,0.0,,0.0,0.0,1350140.660335833,1559856.3352774607,0.0,0.0,0.0,0.0,0.0,,5299281.676387303,706570.8901849738,1059856.3352774607,1048578.3747081389,0.0,1048578.3747081389,139810.4499610852,209715.6749416278,139810.4499610852,706570.8901849738,19293429.109815028,True,19577532.710322738,True,False,False,False,19293429.109815028,0.0,0.0,0.0,0.0,0.0,19293429.109815028,0.0,0.0,0.0,0.0,52604.883805593614,295790.9313755136,0.0,30503162.423792183,HURDLE_REACHED_BUT_LIQUIDITY_CONSTRAINED
exceptional_dynasty_outcome,8,top_down,14567506.284625925,15732906.787396,0.0,0.0,15732906.787396,0.11185420123504643,1629436.7794533516,1893775.8170013702,0.0,0.0,,0.0,0.0,0.0,0.0,0.0,0.0,0.0,1572623.5049433105,0.0,0,0.0,1559856.3352774607,0.0,0.0,0.0,0.0,0.0,0.0,0.0,1559856.3352774607,,56813.274510041105,1572623.5049433105,1572623.5049433105,157262.35049433107,1179467.628707483,235893.52574149656,0.08,15732906.787396,14375799.803888798,0.28,0.0,0.0,0.0,0.0,0.0,19580491.377685145,0.0,,0.0,0.0,1559856.3352774607,1795749.8610189573,0.0,0.0,0.0,0.0,0.0,,6478749.305094786,863833.2406793049,1295749.8610189573,1179467.628707483,0.0,1179467.628707483,157262.35049433107,235893.52574149656,157262.35049433107,863833.2406793049,19136166.759320695,True,25309467.9355531,True,False,False,False,19136166.759320695,0.0,0.0,0.0,0.0,0.0,19136166.759320695,0.0,0.0,0.0,0.0,56813.274510041105,352604.2058855547,0.0,37109148.0261001,HURDLE_REACHED_BUT_LIQUIDITY_CONSTRAINED
exceptional_dynasty_outcome,9,top_down,15732906.787396,16991539.33038768,0.0,0.0,16991539.33038768,0.11632836928444829,1830183.3906820049,2045277.8823614803,0.0,0.0,,0.0,0.0,0.0,0.0,0.0,0.0,0.0,1768825.0542111604,0.0,0,0.0,1795749.8610189573,0.0,0.0,0.0,0.0,0.0,0.0,0.0,1795749.8610189573,,61358.336470844406,1768825.0542111604,1768825.0542111604,176882.50542111605,1326618.7906583704,265323.758131674,0.08,16991539.33038768,19580491.377685145,0.08,0.0,0.0,0.0,0.0,0.0,5618387.369639583,0.0,,0.0,43048.525830201805,1795749.8610189573,0.0,0.0,0.0,0.0,0.0,0.0,,7805368.095753157,20000000.0,1561073.6191506314,1326618.7906583704,0.0,1326618.7906583704,19136166.759320695,265323.758131674,19136166.759320695,20000000.0,0.0,True,28782507.93030588,True,True,True,True,18959284.253899578,0.0,2061073.6191506314,16855162.108918745,43048.525830201805,0.0,0.0,16855162.108918745,43048.525830201805,0.0,0.0,61358.336470844406,413962.5423563991,22566878.174197063,22566878.174197063,HURDLE_COMPLETION_TRIGGER_EXECUTED
liquidity_trap,1,top_down,8500000.0,9095000.0,0.0,0.0,9095000.0,0.07,595000.0,935000.0,0.0,0.0,,0.0,0.0,0.0,0.0,0.0,0.0,0.0,566950.0,0.0,0,0.0,500000.0,0.0,0.0,0.0,0.0,0.0,0.0,0.0,500000.0,,28050.0,566950.0,566950.0,56695.0,425212.5,85042.5,0.07,9095000.0,1000000.0,0.1,0.0,0.0,0.0,0.0,0.0,1525212.5,0.0,,0.0,0.0,500000.0,585042.5,0.0,0.0,0.0,0.0,0.0,,425212.5,56695.0,85042.5,425212.5,0.0,425212.5,56695.0,85042.5,56695.0,56695.0,19943305.0,False,2565005.0,False,False,False,False,19943305.0,0.0,0.0,0.0,0.0,0.0,19943305.0,0.0,0.0,0.0,0.0,28050.0,28050.0,0.0,11205255.0,
liquidity_trap,2,top_down,9095000.0,9731650.0,0.0,0.0,9731650.0,0.07210000000000001,655749.5000000001,1000450.0,0.0,0.0,,0.0,0.0,0.0,0.0,0.0,0.0,0.0,625736.0000000001,0.0,0,0.0,585042.5,0.0,0.0,0.0,0.0,0.0,0.0,0.0,585042.5,,30013.5,625736.0000000001,625736.0000000001,62573.60000000001,469302.0000000001,93860.40000000001,0.07,9731650.0,1525212.5,0.38,0.0,0.0,0.0,0.0,0.0,2574095.25,0.0,,0.0,0.0,585042.5,678902.9,0.0,0.0,0.0,0.0,0.0,,894514.5000000001,119268.6,178902.90000000002,469302.0000000001,0.0,469302.0000000001,62573.60000000001,93860.40000000001,62573.60000000001,119268.6,19880731.4,False,3739580.65,False,False,False,False,19880731.4,0.0,0.0,0.0,0.0,0.0,19880731.4,0.0,0.0,0.0,0.0,30013.5,58063.5,0.0,12984648.15,
liquidity_trap,3,top_down,9731650.0,10412865.5,0.0,0.0,10412865.5,0.07426300000000001,722701.5239500001,1070481.5,0.0,0.0,,0.0,0.0,0.0,0.0,0.0,0.0,0.0,690587.0789500001,0.0,0,0.0,678902.9,0.0,0.0,0.0,0.0,0.0,0.0,0.0,678902.9,,32114.445,690587.0789500001,690587.0789500001,69058.70789500001,517940.3092125001,103588.06184250001,0.07,10412865.5,2574095.25,0.22,0.0,0.0,0.0,0.0,0.0,3658336.5142125003,0.0,,0.0,0.0,678902.9,782490.9618425,0.0,0.0,0.0,0.0,0.0,,1412454.8092125002,188327.30789500003,282490.9618425,517940.3092125001,0.0,517940.3092125001,69058.70789500001,103588.06184250001,69058.70789500001,188327.30789500003,19811672.692105,False,4961470.751055,False,False,False,False,19811672.692105,0.0,0.0,0.0,0.0,0.0,19811672.692105,0.0,0.0,0.0,0.0,32114.445,90177.945,0.0,14853692.976055,
liquidity_trap,4,top_down,10412865.5,11141766.085,0.0,0.0,11141766.085,0.07649089,796489.3495452951,1145415.205,0.0,0.0,,0.0,0.0,0.0,0.0,0.0,0.0,0.0,762126.8933952951,0.0,0,0.0,782490.9618425,0.0,0.0,0.0,0.0,0.0,0.0,0.0,782490.9618425,,34362.45615,762126.8933952951,762126.8933952951,76212.68933952952,571595.1700464713,114319.03400929426,0.07,11141766.085,3658336.5142125003,0.05,0.0,0.0,0.0,0.0,0.0,4412848.509969597,0.0,,0.0,0.0,782490.9618425,896809.9958517943,0.0,0.0,0.0,0.0,0.0,,1984049.9792589715,264539.9972345296,396809.99585179426,571595.1700464713,0.0,571595.1700464713,76212.68933952952,114319.03400929426,76212.68933952952,264539.9972345296,19735460.00276547,False,5866746.810071391,False,False,False,False,19735460.00276547,0.0,0.0,0.0,0.0,0.0,19735460.00276547,0.0,0.0,0.0,0.0,34362.45615,124540.40115,0.0,16451424.590821391,
liquidity_trap,5,top_down,11141766.085,11921689.710950002,0.0,0.0,11921689.710950002,0.07878561670000002,877810.91213387,1225594.2693500002,0.0,0.0,,0.0,0.0,0.0,0.0,0.0,0.0,0.0,841043.0840533699,0.0,0,0.0,896809.9958517943,0.0,0.0,0.0,0.0,0.0,0.0,0.0,896809.9958517943,,36767.8280805,841043.0840533699,841043.0840533699,84104.308405337,630782.3130400274,126156.46260800549,0.07,11921689.710950002,4412848.509969597,0.25,0.0,0.0,0.0,0.0,0.0,6146842.950502023,0.0,,0.0,0.0,896809.9958517943,1022966.4584597998,0.0,0.0,0.0,0.0,0.0,,2614832.2922989987,348644.30563986656,522966.45845979976,630782.3130400274,0.0,630782.3130400274,84104.308405337,126156.46260800549,84104.308405337,348644.30563986656,19651355.694360133,False,7765893.894509323,False,False,False,False,19651355.694360133,0.0,0.0,0.0,0.0,0.0,19651355.694360133,0.0,0.0,0.0,0.0,36767.8280805,161308.2292305,0.0,19091499.119911823,
liquidity_trap,6,top_down,11921689.710950002,12756207.990716502,0.0,0.0,12756207.990716502,0.08114918520100001,967435.4062627379,1311385.8682045003,0.0,0.0,,0.0,0.0,0.0,0.0,0.0,0.0,0.0,928093.8302166029,0.0,0,0.0,1022966.4584597998,0.0,0.0,0.0,0.0,0.0,0.0,0.0,1022966.4584597998,,39341.57604613501,928093.8302166029,928093.8302166029,92809.3830216603,696070.3726624522,139214.07453249043,0.07,12756207.990716502,6146842.950502023,0.05,0.0,0.0,0.0,0.0,0.0,7150255.470689576,0.0,,0.0,0.0,1022966.4584597998,1162180.53299229,0.0,0.0,0.0,0.0,0.0,,3310902.6649614507,441453.6886615269,662180.5329922902,696070.3726624522,0.0,696070.3726624522,92809.3830216603,139214.07453249043,92809.3830216603,441453.6886615269,19558546.311338473,True,8950246.403217692,False,False,False,False,19558546.311338473,0.0,0.0,0.0,0.0,0.0,19558546.311338473,0.0,0.0,0.0,0.0,39341.57604613501,200649.80527663502,0.0,21068643.994398367,HURDLE_REACHED_BUT_LIQUIDITY_CONSTRAINED
liquidity_trap,7,top_down,12756207.990716502,13649142.550066657,0.0,0.0,13649142.550066657,0.08358366075703001,1066210.5612421636,1403182.8789788152,0.0,0.0,,0.0,0.0,0.0,0.0,0.0,0.0,0.0,1024115.0748727992,0.0,0,0.0,1162180.53299229,0.0,0.0,0.0,0.0,0.0,0.0,0.0,1162180.53299229,,42095.48636936445,1024115.0748727992,1024115.0748727992,102411.50748727993,768086.3061545994,153617.2612309199,0.07,13649142.550066657,7150255.470689576,0.34,0.0,0.0,0.0,0.0,0.0,10349428.636878632,0.0,,0.0,0.0,1162180.53299229,1315797.79422321,0.0,0.0,0.0,0.0,0.0,,4078988.97111605,543865.1961488068,815797.7942232101,768086.3061545994,0.0,768086.3061545994,102411.50748727993,153617.2612309199,102411.50748727993,543865.1961488068,19456134.803851195,True,12347683.558605175,False,False,False,False,19456134.803851195,0.0,0.0,0.0,0.0,0.0,19456134.803851195,0.0,0.0,0.0,0.0,42095.48636936445,242745.29164599947,0.0,25314368.9811685,HURDLE_REACHED_BUT_LIQUIDITY_CONSTRAINED
liquidity_trap,8,top_down,13649142.550066657,14604582.528571324,0.0,0.0,14604582.528571324,0.08609117057974092,1175070.6595449885,1501405.6805073323,0.0,0.0,,0.0,0.0,0.0,0.0,0.0,0.0,0.0,1130028.4891297687,0.0,0,0.0,1315797.79422321,0.0,0.0,0.0,0.0,0.0,0.0,0.0,1315797.79422321,,45042.17041521997,1130028.4891297687,1130028.4891297687,113002.84891297687,847521.3668473265,169504.27336946529,0.07,14604582.528571324,10349428.636878632,0.04,0.0,0.0,0.0,0.0,0.0,11610927.149201104,0.0,,0.0,0.0,1315797.79422321,1485302.0675926753,0.0,0.0,0.0,0.0,0.0,,4926510.337963376,656868.0450617837,985302.0675926753,847521.3668473265,0.0,847521.3668473265,113002.84891297687,169504.27336946529,113002.84891297687,656868.0450617837,19343131.954938218,True,13826458.343222346,False,False,False,False,19343131.954938218,0.0,0.0,0.0,0.0,0.0,19343131.954938218,0.0,0.0,0.0,0.0,45042.17041521997,287787.46206121944,0.0,27700811.745365106,HURDLE_REACHED_BUT_LIQUIDITY_CONSTRAINED
liquidity_trap,9,top_down,14604582.528571324,15626903.305571318,0.0,0.0,15626903.305571318,0.08867390569713315,1295045.3738845321,1606504.0781428458,0.0,0.0,,0.0,0.0,0.0,0.0,0.0,0.0,0.0,1246850.2515402467,0.0,0,0.0,1485302.0675926753,0.0,0.0,0.0,0.0,0.0,0.0,0.0,1485302.0675926753,,48195.12234428537,1246850.2515402467,1246850.2515402467,124685.02515402467,935137.688655185,187027.53773103698,0.07,15626903.305571318,11610927.149201104,0.34,0.0,0.0,0.0,0.0,0.0,16493780.068584666,0.0,,0.0,0.0,1485302.0675926753,1672329.6053237123,0.0,0.0,0.0,0.0,0.0,,5861648.026618561,781553.0702158085,1172329.6053237123,935137.688655185,0.0,935137.688655185,124685.02515402467,187027.53773103698,124685.02515402467,781553.0702158085,19218446.92978419,True,18947454.839186944,False,False,False,False,19218446.92978419,0.0,0.0,0.0,0.0,0.0,19218446.92978419,0.0,0.0,0.0,0.0,48195.12234428537,335982.5844055048,0.0,33793012.97947969,HURDLE_REACHED_BUT_LIQUIDITY_CONSTRAINED
liquidity_trap,10,top_down,15626903.305571318,16720786.536961311,0.0,0.0,16720786.536961311,0.09133412286804715,1427269.5065581428,1718959.3636128448,0.0,0.0,,0.0,0.0,0.0,0.0,0.0,0.0,0.0,1375700.7256497575,0.0,0,0.0,1672329.6053237123,0.0,0.0,0.0,0.0,0.0,0.0,0.0,1672329.6053237123,,51568.78090838534,1375700.7256497575,1375700.7256497575,137570.07256497577,1031775.5442373182,206355.10884746362,0.07,16720786.536961311,16493780.068584666,0.04,0.0,0.0,0.0,0.0,0.0,18185306.815565374,0.0,,0.0,0.0,1672329.6053237123,1878684.7141711758,0.0,0.0,0.0,0.0,0.0,,6893423.570855879,919123.1427807843,1378684.7141711758,1031775.5442373182,0.0,1031775.5442373182,137570.07256497577,206355.10884746362,137570.07256497577,919123.1427807843,19080876.857219215,True,20900030.856584616,True,False,False,False,19080876.857219215,0.0,0.0,0.0,0.0,0.0,19080876.857219215,0.0,0.0,0.0,0.0,51568.78090838534,387551.36531389016,0.0,36784778.066697866,HURDLE_REACHED_BUT_LIQUIDITY_CONSTRAINED
liquidity_trap,11,top_down,16720786.536961311,17891241.594548605,0.0,0.0,17891241.594548605,0.09407414655408856,1572993.7231777294,1839286.5190657442,0.0,0.0,,0.0,0.0,0.0,0.0,0.0,0.0,0.0,1517815.127605757,0.0,0,0.0,1878684.7141711758,0.0,0.0,0.0,0.0,0.0,0.0,0.0,1878684.7141711758,,55178.59557197233,1517815.127605757,1517815.127605757,151781.51276057572,1138361.3457043178,227672.26914086353,0.07,17891241.594548605,18185306.815565374,0.04,0.0,0.0,0.0,0.0,0.0,5012770.108473077,0.0,,0.0,1784428.0357273705,1878684.7141711758,0.0,0.0,0.0,0.0,0.0,0.0,,8031784.916560197,20000000.0,1606356.9833120394,1138361.3457043178,0.0,1138361.3457043178,19080876.857219215,227672.26914086353,19080876.857219215,20000000.0,0.0,True,23051999.496931776,True,True,True,True,18929095.34445864,0.0,2106356.983312039,15038310.325419229,1784428.0357273705,0.0,0.0,15038310.325419229,1784428.0357273705,0.0,0.0,55178.59557197233,442729.96088586247,21119583.667294312,21119583.667294312,HURDLE_COMPLETION_TRIGGER_EXECUTED
failure_never_reaches_hurdle,1,top_down,8500000.0,8415000.0,0.0,0.0,8415000.0,0.045,382500.0,680000.0,0.0,0.0,,0.0,0.0,0.0,0.0,0.0,0.0,0.0,362100.0,0.0,0,0.0,500000.0,0.0,0.0,0.0,0.0,0.0,0.0,0.0,500000.0,,20400.0,362100.0,362100.0,36210.0,271575.0,54315.0,-0.01,8415000.0,1000000.0,-0.2,0.0,0.0,0.0,0.0,0.0,1071575.0,0.0,,0.0,0.0,500000.0,554315.0,0.0,0.0,0.0,0.0,0.0,,271575.0,36210.0,54315.0,271575.0,0.0,271575.0,36210.0,54315.0,36210.0,36210.0,19963790.0,False,3729640.0,False,False,False,False,19963790.0,0.0,0.0,0.0,0.0,0.0,19963790.0,0.0,0.0,0.0,0.0,20400.0,20400.0,0.0,10040890.0,
failure_never_reaches_hurdle,2,top_down,8415000.0,8330850.0,0.0,0.0,8330850.0,0.045,378675.0,673200.0,0.0,0.0,,0.0,0.0,0.0,0.0,0.0,0.0,0.0,358479.0,0.0,0,0.0,554315.0,0.0,0.0,0.0,0.0,0.0,0.0,0.0,554315.0,,20196.0,358479.0,358479.0,35847.9,268859.25,53771.85,-0.01,8330850.0,1071575.0,0.1,0.0,0.0,0.0,0.0,0.0,1447591.75,0.0,,0.0,0.0,554315.0,608086.85,0.0,0.0,0.0,0.0,0.0,,540434.25,72057.9,108086.85,268859.25,0.0,268859.25,35847.9,53771.85,35847.9,72057.9,19927942.1,False,4138391.1,False,False,False,False,19927942.1,0.0,0.0,0.0,0.0,0.0,19927942.1,0.0,0.0,0.0,0.0,20196.0,40596.0,0.0,10386528.6,
failure_never_reaches_hurdle,3,top_down,8330850.0,8247541.5,0.0,0.0,8247541.5,0.045,374888.25,666468.0,0.0,0.0,,0.0,0.0,0.0,0.0,0.0,0.0,0.0,354894.21,0.0,0,0.0,608086.85,0.0,0.0,0.0,0.0,0.0,0.0,0.0,608086.85,,19994.04,354894.21,354894.21,35489.421,266170.65750000003,53234.1315,-0.01,8247541.5,1447591.75,0.15,0.0,0.0,0.0,0.0,0.0,1930901.17,0.0,,0.0,0.0,608086.85,661320.9815,0.0,0.0,0.0,0.0,0.0,,806604.9075,107547.321,161320.9815,266170.65750000003,0.0,266170.65750000003,35489.421,53234.1315,35489.421,107547.321,19892452.679,False,4654107.5265,False,False,False,False,19892452.679,0.0,0.0,0.0,0.0,0.0,19892452.679,0.0,0.0,0.0,0.0,19994.04,60590.04,0.0,10839763.6515,
failure_never_reaches_hurdle,4,top_down,8247541.5,8165066.085,0.0,0.0,8165066.085,0.045,371139.3675,659803.3200000001,0.0,0.0,,0.0,0.0,0.0,0.0,0.0,0.0,0.0,351345.2679,0.0,0,0.0,661320.9815,0.0,0.0,0.0,0.0,0.0,0.0,0.0,661320.9815,,19794.0996,351345.2679,351345.2679,35134.526789999996,263508.950925,52701.790185,-0.01,8165066.085,1930901.17,0.03,0.0,0.0,0.0,0.0,0.0,2252337.156025,0.0,,0.0,0.0,661320.9815,714022.771685,0.0,0.0,0.0,0.0,0.0,,1070113.858425,142681.84779,214022.77168499999,263508.950925,0.0,263508.950925,35134.526789999996,52701.790185,35134.526789999996,142681.84779,19857318.15221,False,5007626.44896,False,False,False,False,19857318.15221,0.0,0.0,0.0,0.0,0.0,19857318.15221,0.0,0.0,0.0,0.0,19794.0996,80384.1396,0.0,11131426.012710001,
failure_never_reaches_hurdle,5,top_down,8165066.085,8083415.42415,0.0,0.0,8083415.42415,0.045,367427.973825,653205.2868,0.0,0.0,,0.0,0.0,0.0,0.0,0.0,0.0,0.0,347831.815221,0.0,0,0.0,714022.771685,0.0,0.0,0.0,0.0,0.0,0.0,0.0,714022.771685,,19596.158604,347831.815221,347831.815221,34783.1815221,260873.86141575,52174.77228315,-0.01,8083415.42415,2252337.156025,0.24,0.0,0.0,0.0,0.0,0.0,3053771.93488675,0.0,,0.0,0.0,714022.771685,766197.54396815,0.0,0.0,0.0,0.0,0.0,,1330987.71984075,177465.0293121,266197.54396815,260873.86141575,0.0,260873.86141575,34783.1815221,52174.77228315,34783.1815221,177465.0293121,19822534.9706879,False,5840823.3348924,False,False,False,False,19822534.9706879,0.0,0.0,0.0,0.0,0.0,19822534.9706879,0.0,0.0,0.0,0.0,19596.158604,99980.29820399999,0.0,11903384.903004901,
failure_never_reaches_hurdle,6,top_down,8083415.42415,8002581.2699085,0.0,0.0,8002581.2699085,0.045,363753.69408675,646673.233932,0.0,0.0,,0.0,0.0,0.0,0.0,0.0,0.0,0.0,344353.49706878996,0.0,0,0.0,766197.54396815,0.0,0.0,0.0,0.0,0.0,0.0,0.0,766197.54396815,,19400.19701796,344353.49706878996,344353.49706878996,34435.349706878995,258265.12280159246,51653.024560318496,-0.01,8002581.2699085,3053771.93488675,0.04,0.0,0.0,0.0,0.0,0.0,3434187.9350838126,0.0,,0.0,0.0,766197.54396815,817850.5685284685,0.0,0.0,0.0,0.0,0.0,,1589252.8426423427,211900.379018979,317850.5685284685,258265.12280159246,0.0,258265.12280159246,34435.349706878995,51653.024560318496,34435.349706878995,211900.379018979,19788099.620981023,False,6252683.821089406,False,False,False,False,19788099.620981023,0.0,0.0,0.0,0.0,0.0,19788099.620981023,0.0,0.0,0.0,0.0,19400.19701796,119380.49522196,0.0,12254619.77352078,
failure_never_reaches_hurdle,7,top_down,8002581.2699085,7922555.457209415,0.0,0.0,7922555.457209415,0.045,360116.1571458825,640206.50159268,0.0,0.0,,0.0,0.0,0.0,0.0,0.0,0.0,0.0,340909.9620981021,0.0,0,0.0,817850.5685284685,0.0,0.0,0.0,0.0,0.0,0.0,0.0,817850.5685284685,,19206.1950477804,340909.9620981021,340909.9620981021,34090.99620981021,255682.47157357656,51136.49431471531,-0.01,7922555.457209415,3434187.9350838126,0.13,0.0,0.0,0.0,0.0,0.0,4136314.838218285,0.0,,0.0,0.0,817850.5685284685,868987.0628431838,0.0,0.0,0.0,0.0,0.0,,1844935.3142159192,245991.37522878923,368987.0628431838,255682.47157357656,0.0,255682.47157357656,34090.99620981021,51136.49431471531,34090.99620981021,245991.37522878923,19754008.62477121,False,6985940.765363823,False,False,False,False,19754008.62477121,0.0,0.0,0.0,0.0,0.0,19754008.62477121,0.0,0.0,0.0,0.0,19206.1950477804,138586.6902697404,0.0,12927857.358270882,
failure_never_reaches_hurdle,8,top_down,7922555.457209415,7843329.902637321,0.0,0.0,7843329.902637321,0.045,356514.99557442364,633804.4365767532,0.0,0.0,,0.0,0.0,0.0,0.0,0.0,0.0,0.0,337500.86247712106,0.0,0,0.0,868987.0628431838,0.0,0.0,0.0,0.0,0.0,0.0,0.0,868987.0628431838,,19014.133097302594,337500.86247712106,337500.86247712106,33750.086247712105,253125.6468578408,50625.12937156816,-0.01,7843329.902637321,4136314.838218285,0.18,0.0,0.0,0.0,0.0,0.0,5133977.155955417,0.0,,0.0,0.0,868987.0628431838,919612.192214752,0.0,0.0,0.0,0.0,0.0,,2098060.96107376,279741.4614765013,419612.19221475197,253125.6468578408,0.0,253125.6468578408,33750.086247712105,50625.12937156816,33750.086247712105,279741.4614765013,19720258.5385235,False,8014421.823829499,False,False,False,False,19720258.5385235,0.0,0.0,0.0,0.0,0.0,19720258.5385235,0.0,0.0,0.0,0.0,19014.133097302594,157600.823367043,0.0,13896919.250807488,
failure_never_reaches_hurdle,9,top_down,7843329.902637321,7764896.603610948,0.0,0.0,7764896.603610948,0.045,352949.8456186794,627466.3922109857,0.0,0.0,,0.0,0.0,0.0,0.0,0.0,0.0,0.0,334125.85385234986,0.0,0,0.0,919612.192214752,0.0,0.0,0.0,0.0,0.0,0.0,0.0,919612.192214752,,18823.991766329567,334125.85385234986,334125.85385234986,33412.58538523499,250594.3903892624,50118.878077852474,-0.01,7764896.603610948,5133977.155955417,-0.12,0.0,0.0,0.0,0.0,0.0,4768494.28763003,0.0,,0.0,0.0,919612.192214752,969731.0702926044,0.0,0.0,0.0,0.0,0.0,,2348655.351463022,313154.0468617363,469731.07029260445,250594.3903892624,0.0,250594.3903892624,33412.58538523499,50118.878077852474,33412.58538523499,313154.0468617363,19686845.953138262,False,7679449.508825371,False,False,False,False,19686845.953138262,0.0,0.0,0.0,0.0,0.0,19686845.953138262,0.0,0.0,0.0,0.0,18823.991766329567,176424.81513337255,0.0,13503121.961533582,
failure_never_reaches_hurdle,10,top_down,7764896.603610948,7687247.6375748385,0.0,0.0,7687247.6375748385,0.045,349420.34716249263,621191.7282888758,0.0,0.0,,0.0,0.0,0.0,0.0,0.0,0.0,0.0,330784.59531382634,0.0,0,0.0,969731.0702926044,0.0,0.0,0.0,0.0,0.0,0.0,0.0,969731.0702926044,,18635.751848666274,330784.59531382634,330784.59531382634,33078.459531382636,248088.44648536976,49617.68929707395,-0.01,7687247.6375748385,4768494.28763003,0.28,0.0,0.0,0.0,0.0,0.0,6351761.134651808,0.0,,0.0,0.0,969731.0702926044,1019348.7595896784,0.0,0.0,0.0,0.0,0.0,,2596743.797948392,346232.50639311894,519348.7595896784,248088.44648536976,0.0,248088.44648536976,33078.459531382636,49617.68929707395,33078.459531382636,346232.50639311894,19653767.49360688,False,9292921.803635197,False,False,False,False,19653767.49360688,0.0,0.0,0.0,0.0,0.0,19653767.49360688,0.0,0.0,0.0,0.0,18635.751848666274,195060.56698203884,0.0,15058357.531816324,
failure_never_reaches_hurdle,11,top_down,7687247.6375748385,7610375.16119909,0.0,0.0,7610375.16119909,0.045,345926.1436908677,614979.8110059871,0.0,0.0,,0.0,0.0,0.0,0.0,0.0,0.0,0.0,327476.7493606881,0.0,0,0.0,1019348.7595896784,0.0,0.0,0.0,0.0,0.0,0.0,0.0,1019348.7595896784,,18449.394330179613,327476.7493606881,327476.7493606881,32747.67493606881,245607.56202051608,49121.51240410321,-0.01,7610375.16119909,6351761.134651808,0.12,0.0,0.0,0.0,0.0,0.0,7359580.032830542,0.0,,0.0,0.0,1019348.7595896784,1068470.2719937817,0.0,0.0,0.0,0.0,0.0,,2842351.359968908,378980.18132918776,568470.2719937816,245607.56202051608,0.0,245607.56202051608,32747.67493606881,49121.51240410321,32747.67493606881,378980.18132918776,19621019.818670813,False,10330644.095124098,False,False,False,False,19621019.818670813,0.0,0.0,0.0,0.0,0.0,19621019.818670813,0.0,0.0,0.0,0.0,18449.394330179613,213509.96131221845,0.0,16038425.466023415,
failure_never_reaches_hurdle,12,top_down,7610375.16119909,7534271.409587099,0.0,0.0,7534271.409587099,0.045,342466.882253959,608830.0128959272,0.0,0.0,,0.0,0.0,0.0,0.0,0.0,0.0,0.0,324201.9818670812,0.0,0,0.0,1068470.2719937817,0.0,0.0,0.0,0.0,0.0,0.0,0.0,1068470.2719937817,,18264.900386877816,324201.9818670812,324201.9818670812,32420.19818670812,243151.48640031088,48630.29728006218,-0.01,7534271.409587099,7359580.032830542,0.08,0.0,0.0,0.0,0.0,0.0,8191497.9218572965,0.0,,0.0,0.0,1068470.2719937817,1117100.569273844,0.0,0.0,0.0,0.0,0.0,,3085502.846369219,411400.37951589585,617100.5692738438,243151.48640031088,0.0,243151.48640031088,32420.19818670812,48630.29728006218,32420.19818670812,411400.37951589585,19588599.620484103,False,11192166.343527915,False,False,False,False,19588599.620484103,0.0,0.0,0.0,0.0,0.0,19588599.620484103,0.0,0.0,0.0,0.0,18264.900386877816,231774.86169909628,0.0,16842869.90071824,
failure_never_reaches_hurdle,13,top_down,7534271.409587099,7458928.695491228,0.0,0.0,7458928.695491228,0.045,339042.21343141946,602741.712766968,0.0,0.0,,0.0,0.0,0.0,0.0,0.0,0.0,0.0,320959.96204841044,0.0,0,0.0,1117100.569273844,0.0,0.0,0.0,0.0,0.0,0.0,0.0,1117100.569273844,,18082.25138300904,320959.96204841044,320959.96204841044,32095.996204841045,240719.97153630783,48143.994307261564,-0.01,7458928.695491228,8191497.9218572965,0.08,0.0,0.0,0.0,0.0,0.0,9087537.727142189,0.0,,0.0,0.0,1117100.569273844,1165244.5635811056,0.0,0.0,0.0,0.0,0.0,,3326222.8179055266,443496.3757207369,665244.5635811053,240719.97153630783,0.0,240719.97153630783,32095.996204841045,48143.994307261564,32095.996204841045,443496.3757207369,19556503.624279264,False,12117514.4645961,False,False,False,False,19556503.624279264,0.0,0.0,0.0,0.0,0.0,19556503.624279264,0.0,0.0,0.0,0.0,18082.25138300904,249857.11308210532,0.0,17711710.986214522,
failure_never_reaches_hurdle,14,top_down,7458928.695491228,7384339.408536316,0.0,0.0,7384339.408536316,0.045,335651.79129710526,596714.2956392983,0.0,0.0,,0.0,0.0,0.0,0.0,0.0,0.0,0.0,317750.36242792633,0.0,0,0.0,1165244.5635811056,0.0,0.0,0.0,0.0,0.0,0.0,0.0,1165244.5635811056,,17901.428869178948,317750.36242792633,317750.36242792633,31775.036242792634,238312.77182094473,47662.554364188945,-0.01,7384339.408536316,9087537.727142189,0.08,0.0,0.0,0.0,0.0,0.0,10052853.51713451,0.0,,0.0,0.0,1165244.5635811056,1212907.1179452946,0.0,0.0,0.0,0.0,0.0,,3564535.5897264713,475271.41196352954,712907.1179452942,238312.77182094473,0.0,238312.77182094473,31775.036242792634,47662.554364188945,31775.036242792634,475271.41196352954,19524728.58803647,False,13111845.487213884,False,False,False,False,19524728.58803647,0.0,0.0,0.0,0.0,0.0,19524728.58803647,0.0,0.0,0.0,0.0,17901.428869178948,267758.5419512843,0.0,18650100.04361612,
failure_never_reaches_hurdle,15,top_down,7384339.408536316,7310496.014450952,0.0,0.0,7310496.014450952,0.045,332295.2733841342,590747.1526829053,0.0,0.0,,0.0,0.0,0.0,0.0,0.0,0.0,0.0,314572.85880364705,0.0,0,0.0,1212907.1179452946,0.0,0.0,0.0,0.0,0.0,0.0,0.0,1212907.1179452946,,17722.41458048716,314572.85880364705,314572.85880364705,31457.285880364707,235929.64410273527,47185.92882054706,-0.01,7310496.014450952,10052853.51713451,0.08,0.0,0.0,0.0,0.0,0.0,11093011.442608006,0.0,,0.0,0.0,1212907.1179452946,1260093.0467658415,0.0,0.0,0.0,0.0,0.0,,3800465.233829207,506728.69784389425,760093.0467658413,235929.64410273527,0.0,235929.64410273527,31457.285880364707,47185.92882054706,31457.285880364707,506728.69784389425,19493271.302156106,True,14180728.492986586,False,False,False,False,19493271.302156106,0.0,0.0,0.0,0.0,0.0,19493271.302156106,0.0,0.0,0.0,0.0,17722.41458048716,285480.95653177146,0.0,19663600.5038248,HURDLE_REACHED_BUT_LIQUIDITY_CONSTRAINED
failure_never_reaches_hurdle,16,top_down,7310496.014450952,7237391.054306443,0.0,0.0,7237391.054306443,0.045,328972.32065029285,584839.6811560763,0.0,0.0,,0.0,0.0,0.0,0.0,0.0,0.0,0.0,311427.13021561055,0.0,0,0.0,1260093.0467658415,0.0,0.0,0.0,0.0,0.0,0.0,0.0,1260093.0467658415,,17545.19043468229,311427.13021561055,311427.13021561055,31142.713021561056,233570.3476617079,46714.06953234158,-0.01,7237391.054306443,11093011.442608006,0.08,0.0,0.0,0.0,0.0,0.0,12214022.705678355,0.0,,0.0,0.0,1260093.0467658415,1306807.116298183,0.0,0.0,0.0,0.0,0.0,,4034035.581490915,537871.4108654553,806807.1162981829,233570.3476617079,0.0,233570.3476617079,31142.713021561056,46714.06953234158,31142.713021561056,537871.4108654553,19462128.589134544,True,15330177.585553149,False,False,False,False,19462128.589134544,0.0,0.0,0.0,0.0,0.0,19462128.589134544,0.0,0.0,0.0,0.0,17545.19043468229,303026.14696645376,0.0,20758220.876282983,HURDLE_REACHED_BUT_LIQUIDITY_CONSTRAINED
failure_never_reaches_hurdle,17,top_down,7237391.054306443,7165017.143763378,0.0,0.0,7165017.143763378,0.045,325682.59744378994,578991.2843445154,0.0,0.0,,0.0,0.0,0.0,0.0,0.0,0.0,0.0,308312.85891345446,0.0,0,0.0,1306807.116298183,0.0,0.0,0.0,0.0,0.0,0.0,0.0,1306807.116298183,,17369.73853033546,308312.85891345446,308312.85891345446,30831.285891345447,231234.64418509084,46246.92883701817,-0.01,7165017.143763378,12214022.705678355,0.08,0.0,0.0,0.0,0.0,0.0,13422379.166317714,0.0,,0.0,0.0,1306807.116298183,1353054.0451352012,0.0,0.0,0.0,0.0,0.0,,4265270.225676006,568702.6967568008,853054.0451352011,231234.64418509084,0.0,231234.64418509084,30831.285891345447,46246.92883701817,30831.285891345447,568702.6967568008,19431297.303243198,True,16566687.49739376,False,False,False,False,19431297.303243198,0.0,0.0,0.0,0.0,0.0,19431297.303243198,0.0,0.0,0.0,0.0,17369.73853033546,320395.88549678924,0.0,21940450.355216295,HURDLE_REACHED_BUT_LIQUIDITY_CONSTRAINED
failure_never_reaches_hurdle,18,top_down,7165017.143763378,7093366.972325744,0.0,0.0,7093366.972325744,0.045,322425.771469352,573201.3715010703,0.0,0.0,,0.0,0.0,0.0,0.0,0.0,0.0,0.0,305229.7303243199,0.0,0,0.0,1353054.0451352012,0.0,0.0,0.0,0.0,0.0,0.0,0.0,1353054.0451352012,,17196.041145032108,305229.7303243199,305229.7303243199,30522.973032431993,228922.29774323993,45784.45954864799,-0.01,7093366.972325744,13422379.166317714,0.08,0.0,0.0,0.0,0.0,0.0,14725091.797366373,0.0,,0.0,0.0,1353054.0451352012,1398838.5046838492,0.0,0.0,0.0,0.0,0.0,,4494192.523419246,599225.6697892328,898838.504683849,228922.29774323993,0.0,228922.29774323993,30522.973032431993,45784.45954864799,30522.973032431993,599225.6697892328,19400774.330210768,True,17897272.045131657,False,False,False,False,19400774.330210768,0.0,0.0,0.0,0.0,0.0,19400774.330210768,0.0,0.0,0.0,0.0,17196.041145032108,337591.92664182134,0.0,23217297.274375964,HURDLE_REACHED_BUT_LIQUIDITY_CONSTRAINED
failure_never_reaches_hurdle,19,top_down,7093366.972325744,7022433.302602487,0.0,0.0,7022433.302602487,0.045,319201.51375465846,567469.3577860595,0.0,0.0,,0.0,0.0,0.0,0.0,0.0,0.0,0.0,302177.43302107666,0.0,0,0.0,1398838.5046838492,0.0,0.0,0.0,0.0,0.0,0.0,0.0,1398838.5046838492,,17024.080733581784,302177.43302107666,302177.43302107666,30217.74330210767,226633.07476580748,45326.6149531615,-0.01,7022433.302602487,14725091.797366373,0.08,0.0,0.0,0.0,0.0,0.0,16129732.215921491,0.0,,0.0,0.0,1398838.5046838492,1444165.1196370106,0.0,0.0,0.0,0.0,0.0,,4720825.598185053,629443.4130913405,944165.1196370105,226633.07476580748,0.0,226633.07476580748,30217.74330210767,45326.6149531615,30217.74330210767,629443.4130913405,19370556.58690866,True,19329505.661209125,False,False,False,False,19370556.58690866,0.0,0.0,0.0,0.0,0.0,19370556.58690866,0.0,0.0,0.0,0.0,17024.080733581784,354616.00737540313,0.0,24596330.63816099,HURDLE_REACHED_BUT_LIQUIDITY_CONSTRAINED
failure_never_reaches_hurdle,20,top_down,7022433.302602487,6952208.969576462,0.0,0.0,6952208.969576462,0.045,316009.4986171119,561794.6642081989,0.0,0.0,,0.0,0.0,0.0,0.0,0.0,0.0,0.0,299155.6586908659,0.0,0,0.0,1444165.1196370106,0.0,0.0,0.0,0.0,0.0,0.0,0.0,1444165.1196370106,,16853.839926245968,299155.6586908659,299155.6586908659,29915.565869086593,224366.74401814945,44873.34880362989,-0.01,6952208.969576462,16129732.215921491,0.08,0.0,0.0,0.0,0.0,0.0,17644477.53721336,0.0,,0.0,0.0,1444165.1196370106,1489038.4684406405,0.0,0.0,0.0,0.0,0.0,,4945192.342203203,659358.978960427,989038.4684406404,224366.74401814945,0.0,224366.74401814945,29915.565869086593,44873.34880362989,29915.565869086593,659358.978960427,19340641.02103957,True,20871568.248048116,True,False,False,False,19340641.02103957,0.0,0.0,0.0,0.0,0.0,19340641.02103957,0.0,0.0,0.0,0.0,16853.839926245968,371469.8473016491,0.0,26085724.975230463,HURDLE_REACHED_BUT_LIQUIDITY_CONSTRAINED
jon_base_case,1,bottom_up,5175000.0,17250000.0,12075000.0,0.0,5175000.0,0.24278434782608696,1256409.0,1566747.71,954706.52,1037200.0,1.3160159417367339,0.0,0.0,7000000.0,0.0,0.0,0.0,0.0,-735497.52,213699.95130000007,2,0.0,568800.0,7156000.0,7156000.0,0.0,0.0,0.0,0.0,0.0,568800.0,initial_lp_capital,47002.4313,-782499.9513000001,0.0,0.0,0.0,0.0,0.0,5175000.0,2275200.0,0.13,0.0,0.0,0.0,0.0,0.0,2570975.9999999995,0.0,,0.0,0.0,568800.0,0.0,0.0,0.0,0.0,0.0,0.0,,0.0,0.0,0.0,0.0,0.0,0.0,0.0,0.0,0.0,0.0,20000000.0,False,3864725.9999999995,False,False,False,False,20000000.0,0.0,0.0,0.0,0.0,0.0,20000000.0,0.0,0.0,0.0,0.0,47002.4313,47002.4313,0.0,7745976.0,RE_CASHFLOW_SHORTFALL
jon_base_case,2,bottom_up,5175000.0,18354358.5,12075000.0,0.0,6279358.5,0.2809663768115942,1454001.0,1613750.1413,954706.52,802200.0,1.5229821620994062,0.0,0.0,7210000.0,210000.0,5250.0,204750.0,0.0,-302905.52,351318.02423900005,2,0.0,0.0,0.0,0.0,0.0,0.0,0.0,0.0,0.0,0.0,,48412.504239,-351318.02423900005,0.0,0.0,0.0,0.0,0.2134026086956522,6279358.5,2570975.9999999995,0.13,0.0,0.0,0.0,0.0,0.0,2905202.8799999994,0.0,,0.0,0.0,0.0,0.0,0.0,0.0,0.0,0.0,0.0,,0.0,0.0,0.0,0.0,0.0,0.0,0.0,0.0,0.0,0.0,20000000.0,False,4475042.504999999,False,False,False,False,20000000.0,0.0,0.0,0.0,0.0,0.0,20000000.0,0.0,0.0,0.0,0.0,48412.504239,95414.935539,0.0,9184561.379999999,RE_CASHFLOW_SHORTFALL
jon_base_case,3,bottom_up,6279358.5,19556957.358140998,12075000.0,0.0,7481957.358140999,0.26301938326980373,1651593.0,1662162.645539,954706.52,442200.0,1.7299483824620785,0.0,0.0,7426299.999999999,426299.99999999907,10657.499999999978,415642.49999999907,0.0,254686.47999999998,0.0,2,0.0,0.0,0.0,0.0,0.0,0.0,0.0,0.0,0.0,0.0,,49864.87936617,204821.60063382998,204821.60063382998,122892.96038029798,51205.400158457494,30723.240095074496,0.1915161967804513,7481957.358140999,2905202.8799999994,0.13,0.0,0.0,0.0,0.0,0.0,3334084.6545584565,0.0,,0.0,0.0,0.0,30723.240095074496,0.0,0.0,0.0,0.0,0.0,,51205.400158457494,122892.96038029798,30723.240095074496,51205.400158457494,0.0,51205.400158457494,122892.96038029798,30723.240095074496,122892.96038029798,122892.96038029798,19877107.039619703,False,5235297.23418878,False,False,False,False,19877107.039619703,0.0,0.0,0.0,0.0,0.0,19877107.039619703,0.0,0.0,0.0,0.0,49864.87936617,145279.81490517,0.0,10846765.25279453,
jon_base_case,4,bottom_up,7481957.358140999,20867967.43519731,12075000.0,0.0,8792967.43519731,0.24715257137731894,1849185.0,1712027.52490517,954706.52,202200.0,1.9369146028247508,0.0,632861.7749999991,7649088.999999999,649088.9999999991,16227.224999999977,632861.7749999991,632861.7749999991,692278.48,0.0,2,0.0,30723.240095074496,0.0,0.0,0.0,0.0,0.0,0.0,0.0,30723.240095074496,,51360.8257471551,640917.6542528449,640917.6542528449,384550.5925517069,160229.41356321122,96137.64813792672,0.17522287475079246,8792967.43519731,3334084.6545584565,0.13,0.0,0.0,0.0,0.0,0.0,3927745.0732142664,632861.7749999991,deal:jon_deal_1:fund_liquidity,632861.7749999991,632861.7749999991,30723.240095074496,126860.88823300121,632861.7749999991,0.0,0.0,0.0,0.0,,211434.8137216687,507443.55293200485,126860.88823300121,160229.41356321122,0.0,160229.41356321122,384550.5925517069,96137.64813792672,384550.5925517069,507443.55293200485,19492556.447067995,False,6252847.820246596,False,False,False,False,19492556.447067995,0.0,0.0,0.0,0.0,0.0,19492556.447067995,0.0,0.0,0.0,0.0,51360.8257471551,196640.6406523251,0.0,12847573.396644577,
jon_base_case,5,bottom_up,8792967.43519731,22298666.152842715,12075000.0,0.0,10223666.152842714,0.22173140232450436,1949677.0,1763388.3506523252,954706.52,74316.0,2.0421741751590843,632861.7749999991,632861.7749999991,7878561.670000001,245699.89500000176,6142.4973750000445,239557.39762500173,0.0,920654.48,0.0,2,632861.7749999991,126860.88823300121,0.0,0.0,0.0,0.0,0.0,0.0,632861.7749999991,126860.88823300121,,52901.650519569754,867752.8294804302,867752.8294804302,520651.69768825814,216938.20737010756,130162.92442206453,0.1627094298016467,10223666.152842714,3927745.0732142664,0.13,0.0,0.0,0.0,0.0,0.0,4655290.140102229,0.0,,632861.7749999991,632861.7749999991,126860.88823300121,257023.81265506573,632861.7749999991,0.0,0.0,0.0,0.0,,428373.02109177626,1028095.2506202629,257023.81265506573,216938.20737010756,0.0,216938.20737010756,520651.69768825814,130162.92442206453,520651.69768825814,1028095.2506202629,18971904.749379735,False,7468230.490967974,False,False,False,False,18971904.749379735,0.0,0.0,0.0,0.0,0.0,18971904.749379735,0.0,0.0,0.0,0.0,52901.650519569754,249542.29117189485,0.0,15135980.105600007,
jon_base_case,6,bottom_up,10223666.152842714,23861559.6064934,12075000.0,0.0,11786559.6064934,0.19642340428356267,2008167.31,1816290.0011718948,954706.52,39465.48,2.103439400413857,632861.7749999991,632861.7749999991,8114918.5201,482056.7451000012,12051.418627500032,470005.3264725012,0.0,1013995.31,0.0,2,632861.7749999991,257023.81265506573,0.0,0.0,0.0,0.0,0.0,0.0,632861.7749999991,257023.81265506573,,54488.70003515684,959506.6099648433,959506.6099648433,575703.9659789059,239876.6524912108,143925.99149472648,0.15287015736679943,11786559.6064934,4655290.140102229,0.13,0.0,0.0,0.0,0.0,0.0,5500354.510806729,0.0,,632861.7749999991,632861.7749999991,257023.81265506573,400949.8041497922,632861.7749999991,0.0,0.0,0.0,0.0,,668249.673582987,1603799.2165991687,400949.8041497922,239876.6524912108,0.0,239876.6524912108,575703.9659789059,143925.99149472648,575703.9659789059,1603799.2165991687,18396200.78340083,False,8847944.216579871,False,False,False,False,18396200.78340083,0.0,0.0,0.0,0.0,0.0,18396200.78340083,0.0,0.0,0.0,0.0,54488.70003515684,304030.9912070517,0.0,17687863.921449922,
jon_base_case,7,bottom_up,11786559.6064934,25570518.20641254,12075000.0,0.0,13495518.206412539,0.1754890653724331,2068412.3292999999,1870778.7012070518,954706.52,40649.4444,2.1665425824262727,632861.7749999991,1340228.4681854248,8358366.075703,725504.3007030006,18137.607517575016,707366.6931854256,707366.6931854256,1073056.3649,0.0,2,632861.7749999991,400949.8041497922,0.0,0.0,0.0,0.0,0.0,0.0,632861.7749999991,400949.8041497922,,56123.36103621155,1016933.0038637883,1016933.0038637883,610159.802318273,254233.25096594708,152539.95057956825,0.1449921484279133,13495518.206412539,5500354.510806729,0.13,0.0,0.0,0.0,0.0,0.0,6469633.84817755,707366.6931854256,deal:jon_deal_1:fund_liquidity,1340228.4681854248,1340228.4681854248,400949.8041497922,553489.7547293605,1340228.4681854248,0.0,0.0,0.0,0.0,,922482.9245489341,2213959.018917442,553489.7547293605,254233.25096594708,0.0,254233.25096594708,610159.802318273,152539.95057956825,610159.802318273,2213959.018917442,17786040.98108256,True,10397003.154510045,False,True,True,False,17786040.98108256,0.0,0.0,0.0,0.0,0.0,9274302.930020034,0.0,0.0,0.0,0.0,56123.36103621155,360154.3522432632,0.0,20518641.80931945,HURDLE_TRIGGER_ATTEMPTED_BUT_INSUFFICIENT
jon_base_case,8,bottom_up,13495518.206412539,27440927.34739282,12075000.0,0.0,15365927.347392822,0.15786460857551118,2130464.699179,1926902.0622432635,954706.52,41868.927732000004,2.2315388598990613,1340228.4681854248,1340228.4681854248,8609117.05797409,268888.589788666,6722.21474471665,262166.37504394935,0.0,1133889.251447,0.0,2,1340228.4681854248,553489.7547293605,0.0,0.0,0.0,0.0,0.0,0.0,1340228.4681854248,553489.7547293605,,57807.0618672979,1076082.1895797022,1076082.1895797022,645649.3137478213,269020.54739492555,161412.32843695531,0.13859483662446825,15365927.347392822,6469633.84817755,0.13,0.0,0.0,0.0,0.0,0.0,7579706.795835557,0.0,,1340228.4681854248,1340228.4681854248,553489.7547293605,714902.0831663158,1340228.4681854248,0.0,0.0,0.0,0.0,,1191503.4719438597,2859608.332665263,714902.0831663158,269020.54739492555,0.0,269020.54739492555,645649.3137478213,161412.32843695531,645649.3137478213,2859608.332665263,17140391.667334735,True,12136090.71585008,False,True,True,False,17140391.667334735,0.0,0.0,0.0,0.0,0.0,6899227.6504435465,0.0,0.0,0.0,0.0,57807.0618672979,417961.41411056113,0.0,23660536.226394694,HURDLE_TRIGGER_ATTEMPTED_BUT_INSUFFICIENT
jon_base_case,9,bottom_up,15365927.347392822,29489854.77376985,12075000.0,0.0,17414854.77376985,0.14280808379109616,2194378.64015437,1984709.1241105616,954706.52,43124.99556396,2.2984850256960327,1340228.4681854248,1340228.4681854248,8867390.569713313,527162.1015278883,13179.05253819721,513983.04898969113,0.0,1196547.1245904102,0.0,2,1340228.4681854248,714902.0831663158,0.0,0.0,0.0,0.0,0.0,0.0,1340228.4681854248,714902.0831663158,,59541.273723316845,1137005.8508670933,1137005.8508670933,682203.510520256,284251.4627167733,170550.877630064,0.13334225654299203,17414854.77376985,7579706.795835557,0.13,0.0,0.0,0.0,0.0,0.0,8849320.142010951,0.0,,1340228.4681854248,1340228.4681854248,714902.0831663158,885452.9607963798,1340228.4681854248,0.0,0.0,0.0,0.0,,1475754.934660633,3541811.8431855193,885452.9607963798,284251.4627167733,0.0,284251.4627167733,682203.510520256,170550.877630064,682203.510520256,3541811.8431855193,16458188.15681448,True,14088486.796249796,False,True,True,False,16458188.15681448,0.0,0.0,0.0,0.0,0.0,4582031.396067424,0.0,0.0,0.0,0.0,59541.273723316845,477502.687833878,0.0,27149627.876577184,HURDLE_TRIGGER_ATTEMPTED_BUT_INSUFFICIENT
jon_base_case,10,bottom_up,17414854.77376985,31736236.4914205,12075000.0,0.0,19661236.4914205,0.1297863248772718,2260209.9993590014,2044250.3978338784,954706.52,44418.7454308788,2.367439576466914,1340228.4681854248,1340228.4681854248,9133412.286804713,793183.8186192885,19829.595465482213,773354.2231538063,0.0,1261084.7339281223,0.0,2,1340228.4681854248,885452.9607963798,0.0,0.0,0.0,0.0,0.0,0.0,1340228.4681854248,885452.9607963798,,61327.51193501635,1199757.221993106,1199757.221993106,719854.3331958635,299939.3054982765,179963.58329896588,0.12899227394271096,19661236.4914205,8849320.142010951,0.13,0.0,0.0,0.0,0.0,0.0,10299671.06597065,0.0,,1340228.4681854248,1340228.4681854248,885452.9607963798,1065416.5440953458,1340228.4681854248,0.0,0.0,0.0,0.0,,1775694.2401589095,4261666.176381383,1065416.5440953458,299939.3054982765,0.0,299939.3054982765,719854.3331958635,179963.58329896588,719854.3331958635,4261666.176381383,15738333.823618617,True,16280396.732921122,True,True,True,False,15738333.823618617,0.0,0.0,0.0,0.0,0.0,2641648.974540772,0.0,0.0,0.0,0.0,61327.51193501635,538830.1997688944,0.0,31026324.101486497,HURDLE_TRIGGER_ATTEMPTED_BUT_INSUFFICIENT
jon_base_case,11,bottom_up,19661236.4914205,34201083.28381522,12075000.0,0.0,22126083.28381522,0.11840640339968643,2328016.2993397713,2105577.909768895,954706.52,45751.30779380517,2.438462763760921,1340228.4681854248,1340228.4681854248,9407414.655408856,1067186.1872234307,26679.65468058577,1040506.532542845,0.0,1327558.4715459663,0.0,2,1340228.4681854248,1065416.5440953458,0.0,0.0,0.0,0.0,0.0,0.0,1340228.4681854248,1065416.5440953458,,63167.33729306684,1264391.1342528996,1264391.1342528996,758634.6805517398,316097.7835632249,189658.67013793494,0.12536580766272243,22126083.28381522,10299671.06597065,0.13,0.0,0.0,0.0,0.0,0.0,2988681.522027515,0.0,,1340228.4681854248,4758579.362751054,1065416.5440953458,0.0,0.0,0.0,0.0,0.0,0.0,,2091792.0237221343,20000000.0,1255075.2142332806,316097.7835632249,0.0,316097.7835632249,15738333.823618617,189658.67013793494,15738333.823618617,20000000.0,0.0,True,18741322.123297144,True,True,True,True,14979699.143066877,1340228.4681854248,1255075.2142332806,8966044.566082543,3418350.894565629,0.0,0.0,8966044.566082543,3418350.894565629,0.0,0.0,63167.33729306684,601997.5370619611,20356185.443091683,20356185.443091683,HURDLE_COMPLETION_TRIGGER_EXECUTED
jon_downside_case,1,bottom_up,5175000.0,17250000.0,12075000.0,0.0,5175000.0,0.2195959420289855,1136409.0,1566747.71,954706.52,1081750.0,1.1903228648736996,0.0,0.0,6000000.0,-1000000.0,0.0,0.0,0.0,-900047.52,378249.9513000001,2,0.0,568800.0,7156000.0,7156000.0,0.0,0.0,0.0,0.0,0.0,568800.0,initial_lp_capital,47002.4313,-947049.9513000001,0.0,0.0,0.0,0.0,0.0,5175000.0,2275200.0,-0.15,0.0,0.0,0.0,0.0,0.0,1933920.0,0.0,,0.0,0.0,568800.0,0.0,0.0,0.0,0.0,0.0,0.0,,0.0,0.0,0.0,0.0,0.0,0.0,0.0,0.0,0.0,0.0,20000000.0,False,3227670.0,False,False,False,False,20000000.0,0.0,0.0,0.0,0.0,0.0,20000000.0,0.0,0.0,0.0,0.0,47002.4313,47002.4313,0.0,7108920.0,RE_CASHFLOW_SHORTFALL
jon_downside_case,2,bottom_up,5175000.0,18154358.5,12075000.0,0.0,6079358.5,0.24618376811594203,1274001.0,1613750.1413,954706.52,840000.0,1.3344425468048546,0.0,0.0,6060000.0,-940000.0,0.0,0.0,0.0,-520705.52,569118.024239,2,0.0,0.0,0.0,0.0,0.0,0.0,0.0,0.0,0.0,0.0,,48412.504239,-569118.024239,0.0,0.0,0.0,0.0,0.17475526570048316,6079358.5,1933920.0,-0.1,0.0,0.0,0.0,0.0,0.0,1740528.0,0.0,,0.0,0.0,0.0,0.0,0.0,0.0,0.0,0.0,0.0,,0.0,0.0,0.0,0.0,0.0,0.0,0.0,0.0,0.0,0.0,20000000.0,False,3260367.625,False,False,False,False,20000000.0,0.0,0.0,0.0,0.0,0.0,20000000.0,0.0,0.0,0.0,0.0,48412.504239,95414.935539,0.0,7819886.5,RE_CASHFLOW_SHORTFALL
jon_downside_case,3,bottom_up,6079358.5,19148957.358140998,12075000.0,0.0,7073957.358140999,0.23219440011639386,1411593.0,1662162.645539,954706.52,483250.0,1.4785622287360098,0.0,0.0,6120600.0,-879400.0,0.0,0.0,0.0,-26363.52000000002,76228.39936617002,2,0.0,0.0,0.0,0.0,0.0,0.0,0.0,0.0,0.0,0.0,,49864.87936617,-76228.39936617002,0.0,0.0,0.0,0.0,0.1636026001988531,7073957.358140999,1740528.0,0.05,0.0,0.0,0.0,0.0,0.0,1827554.4000000001,0.0,,0.0,0.0,0.0,0.0,0.0,0.0,0.0,0.0,0.0,,0.0,0.0,0.0,0.0,0.0,0.0,0.0,0.0,0.0,0.0,20000000.0,False,3596043.73953525,False,False,False,False,20000000.0,0.0,0.0,0.0,0.0,0.0,20000000.0,0.0,0.0,0.0,0.0,49864.87936617,145279.81490517,0.0,8901511.758141,RE_CASHFLOW_SHORTFALL
jon_downside_case,4,bottom_up,7073957.358140999,20243707.435197312,12075000.0,0.0,8168707.435197312,0.21899835149799632,1549185.0,1712027.52490517,954706.52,221500.0,1.622681910667165,0.0,0.0,6181806.000000001,-818193.9999999991,0.0,0.0,0.0,372978.48,0.0,2,0.0,0.0,0.0,0.0,0.0,0.0,0.0,0.0,0.0,0.0,,51360.8257471551,321617.65425284486,321617.65425284486,192970.5925517069,80404.41356321122,48242.64813792673,0.15475779986098304,8168707.435197312,1827554.4000000001,0.08,0.0,0.0,0.0,0.0,0.0,2054163.1655632115,0.0,,0.0,0.0,0.0,48242.64813792673,0.0,0.0,0.0,0.0,0.0,,80404.41356321122,192970.5925517069,48242.64813792673,80404.41356321122,0.0,80404.41356321122,192970.5925517069,48242.64813792673,192970.5925517069,192970.5925517069,19807029.40744829,False,4144582.6725004665,False,False,False,False,19807029.40744829,0.0,0.0,0.0,0.0,0.0,19807029.40744829,0.0,0.0,0.0,0.0,51360.8257471551,196640.6406523251,0.0,10271113.24889845,
jon_downside_case,5,bottom_up,8168707.435197312,21449618.15284271,12075000.0,0.0,9374618.152842712,0.2064925220276611,1686777.0,1763388.3506523252,954706.52,112750.0,1.76680159259832,0.0,0.0,6243624.06,-756375.9400000004,0.0,0.0,0.0,619320.48,0.0,2,0.0,48242.64813792673,0.0,0.0,0.0,0.0,0.0,0.0,0.0,48242.64813792673,,52901.650519569754,566418.8294804302,566418.8294804302,339851.2976882581,141604.70737010756,84962.82442206453,0.1476256466781236,9374618.152842712,2054163.1655632115,0.1,0.0,0.0,0.0,0.0,0.0,2401184.1894896403,0.0,,0.0,0.0,48242.64813792673,133205.47255999126,0.0,0.0,0.0,0.0,0.0,,222009.12093331877,532821.890239965,133205.47255999126,141604.70737010756,0.0,141604.70737010756,339851.2976882581,84962.82442206453,339851.2976882581,532821.890239965,19467178.109760035,False,4878044.2002603095,False,False,False,False,19467178.109760035,0.0,0.0,0.0,0.0,0.0,19467178.109760035,0.0,0.0,0.0,0.0,52901.650519569754,249542.29117189485,0.0,11909007.814892342,
jon_downside_case,6,bottom_up,9374618.152842712,22778919.3644934,12075000.0,0.0,10703919.364493402,0.18384538782279689,1723480.31,1816290.0011718948,954706.52,35097.5,1.8052461923063017,0.0,0.0,6306060.300600001,-693939.6993999993,0.0,0.0,0.0,733676.29,0.0,2,0.0,133205.47255999126,0.0,0.0,0.0,0.0,0.0,0.0,0.0,133205.47255999126,,54488.70003515684,679187.5899648432,679187.5899648432,407512.55397890595,169796.8974912108,101878.13849472649,0.1417979047229352,10703919.364493402,2401184.1894896403,0.1,0.0,0.0,0.0,0.0,0.0,2811099.505929815,0.0,,0.0,0.0,133205.47255999126,235083.61105471774,0.0,0.0,0.0,0.0,0.0,,391806.0184245296,940334.444218871,235083.61105471774,169796.8974912108,0.0,169796.8974912108,407512.55397890595,101878.13849472649,407512.55397890595,940334.444218871,19059665.55578113,False,5722162.958107883,False,False,False,False,19059665.55578113,0.0,0.0,0.0,0.0,0.0,19059665.55578113,0.0,0.0,0.0,0.0,54488.70003515684,304030.9912070517,0.0,13750102.481477935,
jon_downside_case,7,bottom_up,10703919.364493402,24245196.74713254,12075000.0,0.0,12170196.74713254,0.16453279021719835,1761145.7193,1870778.7012070518,954706.52,35448.475,1.8446985355248229,0.0,0.0,6369120.903606,-630879.0963939996,0.0,0.0,0.0,770990.7243,0.0,2,0.0,235083.61105471774,0.0,0.0,0.0,0.0,0.0,0.0,0.0,235083.61105471774,,56123.36103621155,714867.3632637884,714867.3632637884,428920.417958273,178716.8408159471,107230.10448956826,0.13698509234879075,12170196.74713254,2811099.505929815,0.1,0.0,0.0,0.0,0.0,0.0,3270926.2973387437,0.0,,0.0,0.0,235083.61105471774,342313.715544286,0.0,0.0,0.0,0.0,0.0,,570522.8592404767,1369254.862177144,342313.715544286,178716.8408159471,0.0,178716.8408159471,428920.417958273,107230.10448956826,428920.417958273,1369254.862177144,18630745.137822855,False,6655789.199666165,False,False,False,False,18630745.137822855,0.0,0.0,0.0,0.0,0.0,18630745.137822855,0.0,0.0,0.0,0.0,56123.36103621155,360154.3522432632,0.0,15783436.760015568,
jon_downside_case,8,bottom_up,12170196.74713254,25863542.21421422,12075000.0,0.0,13788542.21421422,0.14788591657756536,1799800.7008790001,1926902.0622432635,954706.52,35802.95975,1.8851873986143932,0.0,0.0,6432812.11264206,-567187.88735794,0.0,0.0,0.0,809291.2211290001,0.0,2,0.0,342313.715544286,0.0,0.0,0.0,0.0,0.0,0.0,0.0,342313.715544286,,57807.0618672979,751484.1592617022,751484.1592617022,450890.4955570213,187871.03981542555,112722.62388925532,0.13297611375617113,13788542.21421422,3270926.2973387437,0.1,0.0,0.0,0.0,0.0,0.0,3785889.9668880436,0.0,,0.0,0.0,342313.715544286,455036.33943354135,0.0,0.0,0.0,0.0,0.0,,758393.8990559023,1820145.3577341654,455036.33943354135,187871.03981542555,0.0,187871.03981542555,450890.4955570213,112722.62388925532,450890.4955570213,1820145.3577341654,18179854.642265834,False,7688061.85987514,False,False,False,False,18179854.642265834,0.0,0.0,0.0,0.0,0.0,18179854.642265834,0.0,0.0,0.0,0.0,57807.0618672979,417961.41411056113,0.0,18029468.520535804,
jon_downside_case,9,bottom_up,13788542.21421422,27650721.01617449,12075000.0,0.0,15575721.016174491,0.13340594744737472,1839473.5380053702,1984709.1241105616,954706.52,36160.9893475,1.9267424066668888,0.0,0.0,6497140.233768482,-502859.76623151824,0.0,0.0,0.0,848606.02865787,0.0,2,0.0,455036.33943354135,0.0,0.0,0.0,0.0,0.0,0.0,0.0,455036.33943354135,,59541.273723316845,789064.7549345532,789064.7549345532,473438.8529607319,197266.1887336383,118359.71324018297,0.1296133249037681,15575721.016174491,3785889.9668880436,0.1,0.0,0.0,0.0,0.0,0.0,4361745.152310487,0.0,,0.0,0.0,455036.33943354135,573396.0526737244,0.0,0.0,0.0,0.0,0.0,,955660.0877895405,2293584.2106948975,573396.0526737244,197266.1887336383,0.0,197266.1887336383,473438.8529607319,118359.71324018297,473438.8529607319,2293584.2106948975,17706415.789305102,True,8829071.459027834,False,True,True,False,17706415.789305102,0.0,0.0,0.0,0.0,0.0,9967780.61835489,0.0,0.0,0.0,0.0,59541.273723316845,477502.687833878,0.0,20510862.221158702,HURDLE_TRIGGER_ATTEMPTED_BUT_INSUFFICIENT
jon_downside_case,10,bottom_up,15575721.016174491,29625357.37997166,12075000.0,0.0,17550357.37997166,0.12071308586318788,1880193.3484065314,2044250.3978338784,954706.52,36522.59924097501,1.9693940588218999,0.0,0.0,6562111.636106165,-437888.3638938349,0.0,0.0,0.0,888964.2291655563,0.0,2,0.0,573396.0526737244,0.0,0.0,0.0,0.0,0.0,0.0,0.0,573396.0526737244,,61327.51193501635,827636.7172305399,827636.7172305399,496582.0303383239,206909.17930763497,124145.50758458098,0.12677656217305278,17550357.37997166,4361745.152310487,0.1,0.0,0.0,0.0,0.0,0.0,5004828.8468491705,0.0,,0.0,0.0,573396.0526737244,697541.5602583054,0.0,0.0,0.0,0.0,0.0,,1162569.2670971756,2790166.2410332216,697541.5602583054,206909.17930763497,0.0,206909.17930763497,496582.0303383239,124145.50758458098,496582.0303383239,2790166.2410332216,17209833.758966777,True,10089959.752100391,False,True,True,False,17209833.758966777,0.0,0.0,0.0,0.0,0.0,7867252.692293806,0.0,0.0,0.0,0.0,61327.51193501635,538830.1997688944,0.0,23252727.787079137,HURDLE_TRIGGER_ATTEMPTED_BUT_INSUFFICIENT
jon_downside_case,11,bottom_up,17550357.37997166,31808140.74448604,12075000.0,0.0,19733140.74448604,0.10951287586631703,1921990.1091623374,2105577.909768895,954706.52,36887.825233384756,2.0131737543411115,0.0,0.0,6627732.752467226,-372267.24753277376,0.0,0.0,0.0,930395.7639289526,0.0,2,0.0,697541.5602583054,0.0,0.0,0.0,0.0,0.0,0.0,0.0,697541.5602583054,,63167.33729306684,867228.4266358858,867228.4266358858,520337.0559815315,216807.10665897146,130084.26399538288,0.12437258782008387,19733140.74448604,5004828.8468491705,0.1,0.0,0.0,0.0,0.0,0.0,5722118.83819306,0.0,,0.0,0.0,697541.5602583054,827625.8242536883,0.0,0.0,0.0,0.0,0.0,,1379376.373756147,3310503.2970147533,827625.8242536883,216807.10665897146,0.0,216807.10665897146,520337.0559815315,130084.26399538288,520337.0559815315,3310503.2970147533,16689496.702985246,True,11483029.848568259,False,True,True,False,16689496.702985246,0.0,0.0,0.0,0.0,0.0,6636996.563965252,0.0,0.0,0.0,0.0,63167.33729306684,601997.5370619611,0.0,26282885.40693279,HURDLE_TRIGGER_ATTEMPTED_BUT_INSUFFICIENT
jon_downside_case,12,bottom_up,19733140.74448604,34222054.87680619,12075000.0,0.0,22147054.876806192,0.09957333745227033,1964894.6823438536,2168745.247061962,954706.52,37256.7034857186,2.0581138194634447,0.0,0.0,6694010.079991899,-305989.92000810057,0.0,0.0,0.0,972931.4588581349,0.0,2,0.0,827625.8242536883,0.0,0.0,0.0,0.0,0.0,0.0,0.0,827625.8242536883,,65062.35741185885,907869.1014462761,907869.1014462761,544721.4608677656,226967.27536156902,136180.3652169414,0.12232792354631439,22147054.876806192,5722118.83819306,0.1,0.0,0.0,0.0,0.0,0.0,6521297.997373935,0.0,,0.0,0.0,827625.8242536883,963806.1894706297,0.0,0.0,0.0,0.0,0.0,,1606343.6491177161,3855224.7578825187,963806.1894706297,226967.27536156902,0.0,226967.27536156902,544721.4608677656,136180.3652169414,544721.4608677656,3855224.7578825187,16144775.242117481,True,13021867.906046113,False,True,True,False,16144775.242117481,0.0,0.0,0.0,0.0,0.0,4753231.835414853,0.0,0.0,0.0,0.0,65062.35741185885,667059.89447382,0.0,29632159.063650757,HURDLE_TRIGGER_ATTEMPTED_BUT_INSUFFICIENT
jon_downside_case,13,bottom_up,22147054.876806192,36892632.40794356,12075000.0,0.0,24817632.40794356,0.09070907407755469,2008938.8414198817,2233807.6044738204,954706.52,37629.27052057579,2.104247535064369,0.0,0.0,6760950.180791819,-239049.81920818146,0.0,0.0,0.0,1016603.0508993058,0.0,2,0.0,963806.1894706297,0.0,0.0,0.0,0.0,0.0,0.0,0.0,963806.1894706297,,67014.22813421462,949588.8227650912,949588.8227650912,569753.2936590547,237397.2056912728,142438.32341476367,0.12058386751613503,24817632.40794356,6521297.997373935,0.1,0.0,0.0,0.0,0.0,0.0,7410825.002802601,0.0,,0.0,0.0,963806.1894706297,1106244.5128853933,0.0,0.0,0.0,0.0,0.0,,1843740.854808989,4424978.051541573,1106244.5128853933,237397.2056912728,0.0,237397.2056912728,569753.2936590547,142438.32341476367,569753.2936590547,4424978.051541573,15575021.948458426,True,14721477.617673885,False,True,True,False,15575021.948458426,0.0,0.0,0.0,0.0,0.0,2706250.5814851914,0.0,0.0,0.0,0.0,67014.22813421462,734074.1226080346,0.0,33334701.923631556,HURDLE_TRIGGER_ATTEMPTED_BUT_INSUFFICIENT
jon_downside_case,14,bottom_up,24817632.40794356,39848237.60815825,12075000.0,0.0,27773237.608158253,0.08276999452198991,2054155.2984542479,2300821.8326080353,954706.52,38005.56322578154,2.1516091651434914,0.0,0.0,6828559.682599737,-171440.3174002627,0.0,0.0,0.0,1061443.2152284663,0.0,2,0.0,1106244.5128853933,0.0,0.0,0.0,0.0,0.0,0.0,0.0,1106244.5128853933,,69024.65497824106,992418.5602502252,992418.5602502252,595451.1361501351,248104.6400625563,148862.78403753377,0.11909295583202639,27773237.608158253,7410825.002802601,0.1,0.0,0.0,0.0,0.0,0.0,8400012.143145418,0.0,,0.0,0.0,1106244.5128853933,1255107.296922927,0.0,0.0,0.0,0.0,0.0,,2091845.4948715454,5020429.187691708,1255107.296922927,248104.6400625563,0.0,248104.6400625563,595451.1361501351,148862.78403753377,595451.1361501351,5020429.187691708,14979570.812308293,True,16598428.842107909,True,True,True,False,14979570.812308293,0.0,0.0,0.0,0.0,0.0,481145.00598673895,0.0,0.0,0.0,0.0,69024.65497824106,803098.7775862757,0.0,37428357.0482266,HURDLE_TRIGGER_ATTEMPTED_BUT_INSUFFICIENT
jon_downside_case,15,bottom_up,27773237.608158253,43120380.53496679,12075000.0,0.0,31045380.53496679,0.07563316030179096,2100577.7321175626,2369846.4875862766,954706.52,38385.61885803936,2.200233986165259,0.0,0.0,6896845.279425736,-103154.72057426441,0.0,0.0,0.0,1107485.5932595232,0.0,2,0.0,1255107.296922927,0.0,0.0,0.0,0.0,0.0,0.0,0.0,1255107.296922927,,71095.39462758829,1036390.1986319348,1036390.1986319348,621834.1191791609,259097.5496579837,155458.52979479023,0.11781640199727228,31045380.53496679,8400012.143145418,0.1,0.0,0.0,0.0,0.0,0.0,2374777.726779486,0.0,,0.0,5822837.686072954,1255107.296922927,0.0,0.0,0.0,0.0,0.0,0.0,,2350943.0445295293,20000000.0,1410565.8267177173,259097.5496579837,0.0,259097.5496579837,14979570.812308291,155458.52979479023,14979570.812308291,20000000.0,0.0,True,18671021.86757736,True,True,True,True,14357736.69312913,0.0,1410565.8267177173,7124333.180338458,5822837.686072954,0.0,0.0,7124333.180338458,5822837.686072954,0.0,0.0,71095.39462758829,874194.172213864,27597320.575673323,27597320.575673323,HURDLE_COMPLETION_TRIGGER_EXECUTED
jon_property_shock_25,1,bottom_up,5175000.0,17250000.0,12075000.0,0.0,5175000.0,0.24278434782608696,1256409.0,1566747.71,954706.52,1037200.0,1.3160159417367339,0.0,0.0,7000000.0,0.0,0.0,0.0,0.0,-735497.52,213699.95130000007,2,0.0,568800.0,7156000.0,7156000.0,0.0,0.0,0.0,0.0,0.0,568800.0,initial_lp_capital,47002.4313,-782499.9513000001,0.0,0.0,0.0,0.0,0.0,5175000.0,2275200.0,0.13,0.0,0.0,0.0,0.0,0.0,2570975.9999999995,0.0,,0.0,0.0,568800.0,0.0,0.0,0.0,0.0,0.0,0.0,,0.0,0.0,0.0,0.0,0.0,0.0,0.0,0.0,0.0,0.0,20000000.0,False,3864725.9999999995,False,False,False,False,20000000.0,0.0,0.0,0.0,0.0,0.0,20000000.0,0.0,0.0,0.0,0.0,47002.4313,47002.4313,0.0,7745976.0,RE_CASHFLOW_SHORTFALL
jon_property_shock_25,2,bottom_up,5175000.0,18354358.5,12075000.0,0.0,6279358.5,0.2809663768115942,1454001.0,1613750.1413,954706.52,802200.0,1.5229821620994062,0.0,0.0,7210000.0,210000.0,5250.0,204750.0,0.0,-302905.52,351318.02423900005,2,0.0,0.0,0.0,0.0,0.0,0.0,0.0,0.0,0.0,0.0,,48412.504239,-351318.02423900005,0.0,0.0,0.0,0.0,0.2134026086956522,6279358.5,2570975.9999999995,0.13,0.0,0.0,0.0,0.0,0.0,2905202.8799999994,0.0,,0.0,0.0,0.0,0.0,0.0,0.0,0.0,0.0,0.0,,0.0,0.0,0.0,0.0,0.0,0.0,0.0,0.0,0.0,0.0,20000000.0,False,4475042.504999999,False,False,False,False,20000000.0,0.0,0.0,0.0,0.0,0.0,20000000.0,0.0,0.0,0.0,0.0,48412.504239,95414.935539,0.0,9184561.379999999,RE_CASHFLOW_SHORTFALL
jon_property_shock_25,3,bottom_up,6279358.5,16672957.358141,11255000.0,0.0,5417957.358140999,0.26301938326980373,1651593.0,1662162.645539,893206.52,442200.0,1.8490606181423754,0.0,0.0,5407500.0,-772500.0,0.0,0.0,0.0,316186.48,0.0,2,0.0,0.0,0.0,0.0,0.0,0.0,0.0,0.0,0.0,0.0,,49864.87936617,266321.60063383,266321.60063383,159792.960380298,66580.4001584575,39948.2400950745,-0.13717979979308403,5417957.358140999,2905202.8799999994,0.13,0.0,0.0,0.0,0.0,0.0,2422859.6545584565,0.0,,0.0,0.0,0.0,39948.2400950745,0.0,0.0,0.0,0.0,0.0,,66580.4001584575,159792.960380298,39948.2400950745,66580.4001584575,0.0,66580.4001584575,159792.960380298,39948.2400950745,159792.960380298,159792.960380298,19840207.039619703,False,3817297.2341887807,False,False,False,False,19840207.039619703,0.0,0.0,0.0,0.0,0.0,19840207.039619703,0.0,0.0,0.0,820000.0,49864.87936617,145279.81490517,0.0,7880765.25279453,COVENANT_BREACH_HF_INJECTION
jon_property_shock_25,4,bottom_up,5417957.358140999,18121472.43519731,11255000.0,0.0,6866472.4351973105,0.3413066729330054,1849185.0,1712027.52490517,893206.52,202200.0,2.0702770956038252,0.0,0.0,5726542.5,-453457.5,0.0,0.0,0.0,753778.48,0.0,2,0.0,39948.2400950745,0.0,0.0,0.0,0.0,0.0,0.0,0.0,39948.2400950745,,51360.8257471551,702417.6542528449,702417.6542528449,421450.5925517069,175604.41356321122,105362.64813792672,0.2673544624488007,6866472.4351973105,2422859.6545584565,0.13,0.0,0.0,0.0,0.0,0.0,2913435.8232142664,0.0,,0.0,0.0,39948.2400950745,145310.88823300123,0.0,0.0,0.0,0.0,0.0,,242184.81372166873,581243.5529320049,145310.88823300123,175604.41356321122,0.0,175604.41356321122,421450.5925517069,105362.64813792672,421450.5925517069,581243.5529320049,19418756.447067995,False,4775364.820246596,False,False,False,False,19418756.447067995,0.0,0.0,0.0,0.0,0.0,19418756.447067995,0.0,0.0,0.0,0.0,51360.8257471551,196640.6406523251,0.0,9925219.146644577,
jon_property_shock_25,5,bottom_up,6866472.4351973105,19707018.77784271,11255000.0,0.0,8452018.777842712,0.28394157529942454,1949677.0,1763388.3506523252,893206.52,74316.0,2.182784111338551,0.0,0.0,6064408.507499999,-115591.49250000063,0.0,0.0,0.0,982154.48,0.0,2,0.0,145310.88823300123,0.0,0.0,0.0,0.0,0.0,0.0,0.0,145310.88823300123,,52901.650519569754,929252.8294804302,929252.8294804302,557551.6976882581,232313.20737010756,139387.92442206453,0.23091133877097403,8452018.777842712,2913435.8232142664,0.13,0.0,0.0,0.0,0.0,0.0,3524495.6876022285,0.0,,0.0,0.0,145310.88823300123,284698.8126550658,0.0,0.0,0.0,0.0,0.0,,474498.0210917763,1138795.2506202632,284698.8126550658,232313.20737010756,0.0,232313.20737010756,557551.6976882581,139387.92442206453,557551.6976882581,1138795.2506202632,18861204.749379735,False,5922199.194717972,False,False,False,False,18861204.749379735,0.0,0.0,0.0,0.0,0.0,18861204.749379735,0.0,0.0,0.0,0.0,52901.650519569754,249542.29117189485,0.0,12261213.278100006,
jon_property_shock_25,6,bottom_up,8452018.777842712,21443402.591268398,11255000.0,0.0,10188402.591268398,0.23759617232092373,2008167.31,1816290.0011718948,893206.52,39465.48,2.248267634678708,0.0,0.0,6422208.609442499,242208.60944249853,6055.215236062464,236153.39420643606,0.0,1075495.31,0.0,2,0.0,284698.8126550658,0.0,0.0,0.0,0.0,0.0,0.0,0.0,284698.8126550658,,54488.70003515684,1021006.6099648433,1021006.6099648433,612603.9659789059,255251.6524912108,153150.99149472648,0.20544012727204097,10188402.591268398,3524495.6876022285,0.13,0.0,0.0,0.0,0.0,0.0,4237931.779481729,0.0,,0.0,0.0,284698.8126550658,437849.8041497923,0.0,0.0,0.0,0.0,0.0,,729749.6735829872,1751399.2165991692,437849.8041497923,255251.6524912108,0.0,255251.6524912108,612603.9659789059,153150.99149472648,612603.9659789059,1751399.2165991692,18248600.78340083,False,7222882.231448621,False,False,False,False,18248600.78340083,0.0,0.0,0.0,0.0,0.0,18248600.78340083,0.0,0.0,0.0,0.0,54488.70003515684,304030.9912070517,0.0,14864184.174899917,
jon_property_shock_25,7,bottom_up,10188402.591268398,23345879.40883626,11255000.0,0.0,12090879.40883626,0.20301635224668663,2068412.3292999999,1870778.7012070518,893206.52,40649.4444,2.315715663719069,0.0,605590.9444646147,6801118.917399605,621118.9173996048,15527.97293499012,605590.9444646147,605590.9444646147,1134556.3649,0.0,2,0.0,437849.8041497923,0.0,0.0,0.0,0.0,0.0,0.0,0.0,437849.8041497923,,56123.36103621155,1078433.0038637884,1078433.0038637884,647059.802318273,269608.2509659471,161764.95057956825,0.18672964682395965,12090879.40883626,4237931.779481729,0.13,0.0,0.0,0.0,0.0,0.0,5058471.161780301,605590.9444646147,deal:jon_deal_1:fund_liquidity,605590.9444646147,605590.9444646147,437849.8041497923,599614.7547293606,605590.9444646147,0.0,0.0,0.0,0.0,,999357.9245489342,2398459.0189174423,599614.7547293606,269608.2509659471,0.0,269608.2509659471,647059.802318273,161764.95057956825,647059.802318273,2398459.0189174423,17601540.98108256,True,8680805.768718727,False,True,True,False,17601540.98108256,0.0,0.0,0.0,0.0,0.0,10240882.852370355,0.0,0.0,0.0,0.0,56123.36103621155,360154.3522432632,0.0,17748965.325345922,HURDLE_TRIGGER_ATTEMPTED_BUT_INSUFFICIENT
jon_property_shock_25,8,bottom_up,12090879.40883626,25431310.02675295,11255000.0,0.0,14176310.02675295,0.1762042798658643,2130464.699179,1926902.0622432635,893206.52,41868.927732000004,2.3851871336306414,605590.9444646147,605590.9444646147,7202384.933526181,416793.98906156595,10419.849726539149,406374.1393350268,0.0,1195389.251447,0.0,2,605590.9444646147,599614.7547293606,0.0,0.0,0.0,0.0,0.0,0.0,605590.9444646147,599614.7547293606,,57807.0618672979,1137582.1895797022,1137582.1895797022,682549.3137478213,284395.54739492555,170637.32843695531,0.17247964745993705,14176310.02675295,5058471.161780301,0.13,0.0,0.0,0.0,0.0,0.0,6000467.960206665,0.0,,605590.9444646147,605590.9444646147,599614.7547293606,770252.0831663159,605590.9444646147,0.0,0.0,0.0,0.0,,1283753.4719438597,3081008.3326652637,770252.0831663159,284395.54739492555,0.0,284395.54739492555,682549.3137478213,170637.32843695531,682549.3137478213,3081008.3326652637,16918991.667334735,True,10314797.550061218,False,True,True,False,16918991.667334735,0.0,0.0,0.0,0.0,0.0,8104311.107325183,0.0,0.0,0.0,0.0,57807.0618672979,417961.41411056113,0.0,20947030.07012593,HURDLE_TRIGGER_ATTEMPTED_BUT_INSUFFICIENT
jon_property_shock_25,9,bottom_up,14176310.02675295,27419948.933510784,11255000.0,0.0,16164948.933510784,0.1547919476939506,2194378.64015437,1984709.1241105616,893206.52,43124.99556396,2.4567427476395607,605590.9444646147,605590.9444646147,7418456.4815319665,632865.5370673517,15821.638426683794,617043.8986406679,0.0,1258047.12459041,0.0,2,605590.9444646147,770252.0831663159,0.0,0.0,0.0,0.0,0.0,0.0,605590.9444646147,770252.0831663159,,59541.273723316845,1198505.850867093,1198505.850867093,719103.5105202558,299626.46271677327,179775.87763006394,0.14027902204487308,16164948.933510784,6000467.960206665,0.13,0.0,0.0,0.0,0.0,0.0,7080155.257750304,0.0,,605590.9444646147,605590.9444646147,770252.0831663159,950027.9607963798,605590.9444646147,0.0,0.0,0.0,0.0,,1583379.934660633,3800111.8431855193,950027.9607963798,299626.46271677327,0.0,299626.46271677327,719103.5105202558,179775.87763006394,719103.5105202558,3800111.8431855193,16199888.15681448,True,12071420.45192438,False,True,True,False,16199888.15681448,0.0,0.0,0.0,0.0,0.0,5898506.519327676,0.0,0.0,0.0,0.0,59541.273723316845,477502.687833878,0.0,24195132.15205747,HURDLE_TRIGGER_ATTEMPTED_BUT_INSUFFICIENT
jon_property_shock_25,10,bottom_up,16164948.933510784,29604233.47595366,11255000.0,0.0,18349233.47595366,0.13982166035015847,2260209.9993590014,2044250.3978338784,893206.52,44418.7454308788,2.5304450300687478,605590.9444646147,605590.9444646147,7641010.175977926,855419.231513311,21385.480787832777,834033.7507254783,0.0,1322584.7339281223,0.0,2,605590.9444646147,950027.9607963798,0.0,0.0,0.0,0.0,0.0,0.0,605590.9444646147,950027.9607963798,,61327.51193501635,1261257.221993106,1261257.221993106,756754.3331958635,315314.3054982765,189188.58329896588,0.13512474127986507,18349233.47595366,7080155.257750304,0.13,0.0,0.0,0.0,0.0,0.0,8315889.74675612,0.0,,605590.9444646147,605590.9444646147,950027.9607963798,1139216.5440953458,605590.9444646147,0.0,0.0,0.0,0.0,,1898694.2401589095,4556866.176381383,1139216.5440953458,315314.3054982765,0.0,315314.3054982765,756754.3331958635,189188.58329896588,756754.3331958635,4556866.176381383,15443133.823618617,True,14042414.659839882,False,True,True,False,15443133.823618617,0.0,0.0,0.0,0.0,0.0,3723740.6895614304,0.0,0.0,0.0,0.0,61327.51193501635,538830.1997688944,0.0,27804339.766805127,HURDLE_TRIGGER_ATTEMPTED_BUT_INSUFFICIENT
jon_property_shock_25,11,bottom_up,18349233.47595366,32005120.17788437,11255000.0,0.0,20750120.17788437,0.12687267304057112,2328016.2993397713,2105577.909768895,893206.52,45751.30779380517,2.6063583809708097,605590.9444646147,605590.9444646147,7870240.481257264,1084649.536792649,27116.238419816225,1057533.2983728328,0.0,1389058.4715459663,0.0,2,605590.9444646147,1139216.5440953458,0.0,0.0,0.0,0.0,0.0,0.0,605590.9444646147,1139216.5440953458,,63167.33729306684,1325891.1342528996,1325891.1342528996,795534.6805517398,331472.7835632249,198883.67013793494,0.13084397803739467,20750120.17788437,8315889.74675612,0.13,0.0,0.0,0.0,0.0,0.0,9728428.197397638,0.0,,605590.9444646147,605590.9444646147,1139216.5440953458,1338100.2142332806,605590.9444646147,0.0,0.0,0.0,0.0,,2230167.0237221345,5352400.8569331225,1338100.2142332806,331472.7835632249,0.0,331472.7835632249,795534.6805517398,198883.67013793494,795534.6805517398,5352400.8569331225,14647599.143066877,True,16254058.456102012,True,True,True,False,14647599.143066877,0.0,0.0,0.0,0.0,0.0,825647.7363142762,0.0,0.0,0.0,0.0,63167.33729306684,601997.5370619611,0.0,31816648.589515287,HURDLE_TRIGGER_ATTEMPTED_BUT_INSUFFICIENT
jon_property_shock_25,12,bottom_up,20750120.17788437,34645868.11828872,11255000.0,0.0,23390868.11828872,0.11555869401063124,2397856.788319965,2168745.247061962,893206.52,47123.84702761933,2.6845491323999346,605590.9444646147,605590.9444646147,8106347.695694981,1320756.7512303665,33018.918780759166,1287737.8324496073,0.0,1457526.4212923455,0.0,2,605590.9444646147,1338100.2142332806,0.0,0.0,0.0,0.0,0.0,0.0,605590.9444646147,1338100.2142332806,,65062.35741185885,1392464.0638804866,1392464.0638804866,835478.438328292,348116.01597012166,208869.609582073,0.12726422390646563,23390868.11828872,9728428.197397638,0.13,0.0,0.0,0.0,0.0,0.0,2835309.969757363,0.0,,605590.9444646147,3759220.9716511425,1338100.2142332806,0.0,0.0,0.0,0.0,0.0,0.0,,2578283.039692256,20000000.0,1546969.8238153537,348116.01597012166,0.0,348116.01597012166,14647599.143066877,208869.609582073,14647599.143066877,20000000.0,0.0,True,18735926.732416987,True,True,True,True,13812120.704738585,605590.9444646147,1546969.8238153537,8505929.90927209,3153630.027186528,0.0,0.0,8505929.90927209,3153630.027186528,0.0,0.0,65062.35741185885,667059.89447382,22466957.116394937,22466957.116394937,HURDLE_COMPLETION_TRIGGER_EXECUTED
jon_property_shock_40,1,bottom_up,5175000.0,17250000.0,12075000.0,0.0,5175000.0,0.24278434782608696,1256409.0,1566747.71,954706.52,1037200.0,1.3160159417367339,0.0,0.0,7000000.0,0.0,0.0,0.0,0.0,-735497.52,213699.95130000007,2,0.0,568800.0,7156000.0,7156000.0,0.0,0.0,0.0,0.0,0.0,568800.0,initial_lp_capital,47002.4313,-782499.9513000001,0.0,0.0,0.0,0.0,0.0,5175000.0,2275200.0,0.13,0.0,0.0,0.0,0.0,0.0,2570975.9999999995,0.0,,0.0,0.0,568800.0,0.0,0.0,0.0,0.0,0.0,0.0,,0.0,0.0,0.0,0.0,0.0,0.0,0.0,0.0,0.0,0.0,20000000.0,False,3864725.9999999995,False,False,False,False,20000000.0,0.0,0.0,0.0,0.0,0.0,20000000.0,0.0,0.0,0.0,0.0,47002.4313,47002.4313,0.0,7745976.0,RE_CASHFLOW_SHORTFALL
jon_property_shock_40,2,bottom_up,5175000.0,18354358.5,12075000.0,0.0,6279358.5,0.2809663768115942,1454001.0,1613750.1413,954706.52,802200.0,1.5229821620994062,0.0,0.0,7210000.0,210000.0,5250.0,204750.0,0.0,-302905.52,351318.02423900005,2,0.0,0.0,0.0,0.0,0.0,0.0,0.0,0.0,0.0,0.0,,48412.504239,-351318.02423900005,0.0,0.0,0.0,0.0,0.2134026086956522,6279358.5,2570975.9999999995,0.13,0.0,0.0,0.0,0.0,0.0,2905202.8799999994,0.0,,0.0,0.0,0.0,0.0,0.0,0.0,0.0,0.0,0.0,,0.0,0.0,0.0,0.0,0.0,0.0,0.0,0.0,0.0,0.0,20000000.0,False,4475042.504999999,False,False,False,False,20000000.0,0.0,0.0,0.0,0.0,0.0,20000000.0,0.0,0.0,0.0,0.0,48412.504239,95414.935539,0.0,9184561.379999999,RE_CASHFLOW_SHORTFALL
jon_property_shock_40,3,bottom_up,6279358.5,15127957.358141,10019000.0,0.0,5108957.358140999,0.26301938326980373,1651593.0,1662162.645539,800506.52,442200.0,2.06318494445242,0.0,0.0,4326000.0,-618000.0,0.0,0.0,0.0,408886.48,0.0,2,0.0,0.0,0.0,0.0,0.0,0.0,0.0,0.0,0.0,0.0,,49864.87936617,359021.60063383,359021.60063383,215412.960380298,89755.4001584575,53853.2400950745,-0.1863886481173197,5108957.358140999,2905202.8799999994,0.13,0.0,0.0,0.0,0.0,0.0,1049354.6545584567,0.0,,0.0,0.0,0.0,53853.2400950745,0.0,0.0,0.0,0.0,0.0,,89755.4001584575,215412.960380298,53853.2400950745,89755.4001584575,0.0,89755.4001584575,215412.960380298,53853.2400950745,215412.960380298,215412.960380298,19784587.039619703,False,2380447.234188781,False,False,False,False,19784587.039619703,0.0,0.0,0.0,0.0,0.0,19784587.039619703,0.0,0.0,0.0,2056000.0,49864.87936617,145279.81490517,0.0,6212165.25279453,COVENANT_BREACH_HF_INJECTION
jon_property_shock_40,4,bottom_up,5108957.358140999,16788137.435197312,10019000.0,0.0,6769137.435197311,0.36194958586870346,1849185.0,1712027.52490517,800506.52,202200.0,2.3100186616843543,0.0,0.0,4793208.0,-150792.0,0.0,0.0,0.0,846478.48,0.0,2,0.0,53853.2400950745,0.0,0.0,0.0,0.0,0.0,0.0,0.0,53853.2400950745,,51360.8257471551,795117.6542528449,795117.6542528449,477070.5925517069,198779.41356321122,119267.64813792672,0.32495477270148965,6769137.435197311,1049354.6545584567,0.13,0.0,0.0,0.0,0.0,0.0,1384550.1732142672,0.0,,0.0,0.0,53853.2400950745,173120.88823300123,0.0,0.0,0.0,0.0,0.0,,288534.81372166873,692483.5529320049,173120.88823300123,198779.41356321122,0.0,198779.41356321122,477070.5925517069,119267.64813792672,477070.5925517069,692483.5529320049,19307516.447067995,False,3249955.4202465964,False,False,False,False,19307516.447067995,0.0,0.0,0.0,0.0,0.0,19307516.447067995,0.0,0.0,0.0,0.0,51360.8257471551,196640.6406523251,0.0,8326808.49664458,
jon_property_shock_40,5,bottom_up,6769137.435197311,18630541.572842713,10019000.0,0.0,8611541.572842713,0.2880244371849084,1949677.0,1763388.3506523252,800506.52,74316.0,2.4355541788716475,0.0,0.0,5310874.464000001,366874.4640000006,9171.861600000017,357702.6024000006,0.0,1074854.48,0.0,2,0.0,173120.88823300123,0.0,0.0,0.0,0.0,0.0,0.0,0.0,173120.88823300123,,52901.650519569754,1021952.8294804302,1021952.8294804302,613171.6976882581,255488.20737010756,153292.92442206453,0.27217709128869205,8611541.572842713,1384550.1732142672,0.13,0.0,0.0,0.0,0.0,0.0,1820029.9031022293,0.0,,0.0,0.0,173120.88823300123,326413.8126550658,0.0,0.0,0.0,0.0,0.0,,544023.0210917763,1305655.2506202632,326413.8126550658,255488.20737010756,0.0,255488.20737010756,613171.6976882581,153292.92442206453,613171.6976882581,1305655.2506202632,18694344.749379735,False,4299329.108967973,False,False,False,False,18694344.749379735,0.0,0.0,0.0,0.0,0.0,18694344.749379735,0.0,0.0,0.0,0.0,52901.650519569754,249542.29117189485,0.0,10757985.288600009,
jon_property_shock_40,6,bottom_up,8611541.572842713,20675174.443653405,10019000.0,0.0,10656174.443653403,0.23319486911994247,2008167.31,1816290.0011718948,800506.52,39465.48,2.508620804237797,0.0,0.0,5884448.906112002,940448.9061120022,23511.222652800057,916937.6834592022,0.0,1168195.31,0.0,2,0.0,326413.8126550658,0.0,0.0,0.0,0.0,0.0,0.0,0.0,326413.8126550658,,54488.70003515684,1113706.6099648431,1113706.6099648431,668223.9659789059,278426.6524912108,167055.99149472648,0.23742936772884282,10656174.443653403,1820029.9031022293,0.13,0.0,0.0,0.0,0.0,0.0,2335060.4429967296,0.0,,0.0,0.0,326413.8126550658,493469.8041497923,0.0,0.0,0.0,0.0,0.0,,822449.6735829872,1973879.2165991692,493469.8041497923,278426.6524912108,0.0,278426.6524912108,668223.9659789059,167055.99149472648,668223.9659789059,1973879.2165991692,18026120.78340083,False,5492573.858059872,False,False,False,False,18026120.78340083,0.0,0.0,0.0,0.0,0.0,18026120.78340083,0.0,0.0,0.0,0.0,54488.70003515684,304030.9912070517,0.0,13484704.690799924,
jon_property_shock_40,7,bottom_up,10656174.443653403,22944237.22393982,10019000.0,0.0,12925237.223939823,0.1941045860535723,2068412.3292999999,1870778.7012070518,800506.52,40649.4444,2.5838794283649307,0.0,1536570.1532727964,6519969.387972099,1575969.3879720988,39399.23469930247,1536570.1532727964,1536570.1532727964,1227256.3649,0.0,2,0.0,493469.8041497923,0.0,0.0,0.0,0.0,0.0,0.0,0.0,493469.8041497923,,56123.36103621155,1171133.0038637884,1171133.0038637884,702679.802318273,292783.2509659471,175669.95057956825,0.21293408739548436,12925237.223939823,2335060.4429967296,0.13,0.0,0.0,0.0,0.0,0.0,2931401.5515522514,1536570.1532727964,deal:jon_deal_1:fund_liquidity,1536570.1532727964,1536570.1532727964,493469.8041497923,669139.7547293606,1536570.1532727964,0.0,0.0,0.0,0.0,,1115232.9245489342,2676559.0189174423,669139.7547293606,292783.2509659471,0.0,292783.2509659471,702679.802318273,175669.95057956825,702679.802318273,2676559.0189174423,17323440.98108256,False,6831850.6122665685,False,False,False,False,17323440.98108256,0.0,0.0,0.0,0.0,0.0,17323440.98108256,0.0,0.0,0.0,0.0,56123.36103621155,360154.3522432632,0.0,16525778.530221436,
jon_property_shock_40,8,bottom_up,12925237.223939823,25462368.810105674,10019000.0,0.0,15443368.810105672,0.16482983346974886,2130464.699179,1926902.0622432635,800506.52,41868.927732000004,2.661395811215879,1536570.1532727964,1536570.1532727964,7224126.081873086,743555.9286002899,18588.898215007248,724967.0303852826,0.0,1288089.251447,0.0,2,1536570.1532727964,669139.7547293606,0.0,0.0,0.0,0.0,0.0,0.0,1536570.1532727964,669139.7547293606,,57807.0618672979,1230282.1895797022,1230282.1895797022,738169.3137478213,307570.54739492555,184542.32843695531,0.19482285257417353,15443368.810105672,2931401.5515522514,0.13,0.0,0.0,0.0,0.0,0.0,3620054.3006489696,0.0,,1536570.1532727964,1536570.1532727964,669139.7547293606,853682.0831663159,1536570.1532727964,0.0,0.0,0.0,0.0,,1422803.4719438597,3414728.3326652637,853682.0831663159,307570.54739492555,0.0,307570.54739492555,738169.3137478213,184542.32843695531,738169.3137478213,3414728.3326652637,16585271.667334735,True,8334578.586341703,False,True,True,False,16585271.667334735,0.0,0.0,0.0,0.0,0.0,9155706.656155273,0.0,0.0,0.0,0.0,57807.0618672979,417961.41411056113,0.0,19917105.19392096,HURDLE_TRIGGER_ATTEMPTED_BUT_INSUFFICIENT
jon_property_shock_40,9,bottom_up,15443368.810105672,27451939.480364088,10019000.0,0.0,17432939.480364088,0.14209196627606505,2194378.64015437,1984709.1241105616,800506.52,43124.99556396,2.7412376855523553,1536570.1532727964,1536570.1532727964,7440849.864329279,960279.711056483,24006.992776412077,936272.7182800709,0.0,1350747.12459041,0.0,2,1536570.1532727964,853682.0831663159,0.0,0.0,0.0,0.0,0.0,0.0,1536570.1532727964,853682.0831663159,,59541.273723316845,1291205.850867093,1291205.850867093,774723.5105202558,322801.46271677327,193680.87763006394,0.12883009495677533,17432939.480364088,3620054.3006489696,0.13,0.0,0.0,0.0,0.0,0.0,4413462.822450109,0.0,,1536570.1532727964,1536570.1532727964,853682.0831663159,1047362.9607963798,1536570.1532727964,0.0,0.0,0.0,0.0,,1745604.934660633,4189451.8431855193,1047362.9607963798,322801.46271677327,0.0,322801.46271677327,774723.5105202558,193680.87763006394,774723.5105202558,4189451.8431855193,15810548.15681448,True,9819060.65333751,False,True,True,False,15810548.15681448,0.0,0.0,0.0,0.0,0.0,7094853.209089497,0.0,0.0,0.0,0.0,59541.273723316845,477502.687833878,0.0,22893765.263610575,HURDLE_TRIGGER_ATTEMPTED_BUT_INSUFFICIENT
jon_property_shock_40,10,bottom_up,17432939.480364088,29637183.73921256,10019000.0,0.0,19618183.73921256,0.12965168621762443,2260209.9993590014,2044250.3978338784,800506.52,44418.7454308788,2.823474816118926,1536570.1532727964,1536570.1532727964,7664075.360259158,1183505.2069863612,29587.630174659032,1153917.5768117022,0.0,1415284.7339281223,0.0,2,1536570.1532727964,1047362.9607963798,0.0,0.0,0.0,0.0,0.0,0.0,1536570.1532727964,1047362.9607963798,,61327.51193501635,1353957.221993106,1353957.221993106,812374.3331958635,338489.3054982765,203093.58329896588,0.12535145098793365,19618183.73921256,4413462.822450109,0.13,0.0,0.0,0.0,0.0,0.0,5325702.294866899,0.0,,1536570.1532727964,1536570.1532727964,1047362.9607963798,1250456.5440953458,1536570.1532727964,0.0,0.0,0.0,0.0,,2084094.2401589095,5001826.176381383,1250456.5440953458,338489.3054982765,0.0,338489.3054982765,812374.3331958635,203093.58329896588,812374.3331958635,5001826.176381383,14998173.823618617,True,11480704.773765385,False,True,True,False,14998173.823618617,0.0,0.0,0.0,0.0,0.0,4218501.823365426,0.0,0.0,0.0,0.0,61327.51193501635,538830.1997688944,0.0,26194342.578174807,HURDLE_TRIGGER_ATTEMPTED_BUT_INSUFFICIENT
jon_property_shock_40,11,bottom_up,19618183.73921256,32039058.949041042,10019000.0,0.0,22020058.949041042,0.11866625016293245,2328016.2993397713,2105577.909768895,800506.52,45751.30779380517,2.9081790606024938,1536570.1532727964,1536570.1532727964,7893997.621066933,1413427.4677941361,35335.68669485341,1378091.7810992827,0.0,1481758.4715459663,0.0,2,1536570.1532727964,1250456.5440953458,0.0,0.0,0.0,0.0,0.0,0.0,1536570.1532727964,1250456.5440953458,,63167.33729306684,1418591.1342528996,1418591.1342528996,851154.6805517398,354647.7835632249,212788.67013793494,0.12243106914263646,22020058.949041042,5325702.294866899,0.13,0.0,0.0,0.0,0.0,0.0,6372691.3767628195,0.0,,1536570.1532727964,1536570.1532727964,1250456.5440953458,1463245.2142332806,1536570.1532727964,0.0,0.0,0.0,0.0,,2438742.0237221345,5852980.8569331225,1463245.2142332806,354647.7835632249,0.0,354647.7835632249,851154.6805517398,212788.67013793494,851154.6805517398,5852980.8569331225,14147019.143066877,True,13340951.328256361,False,True,True,False,14147019.143066877,0.0,0.0,0.0,0.0,0.0,2399240.659001222,0.0,0.0,0.0,0.0,63167.33729306684,601997.5370619611,0.0,29855995.54003714,HURDLE_TRIGGER_ATTEMPTED_BUT_INSUFFICIENT
jon_property_shock_40,12,bottom_up,22020058.949041042,34680825.05258009,10019000.0,0.0,24661825.05258009,0.10889420386517129,2397856.788319965,2168745.247061962,800506.52,47123.84702761933,2.995424432420569,1536570.1532727964,1536570.1532727964,8130817.5496989405,1650247.396426144,41256.1849106536,1608991.2115154904,0.0,1550226.4212923455,0.0,2,1536570.1532727964,1463245.2142332806,0.0,0.0,0.0,0.0,0.0,0.0,1536570.1532727964,1463245.2142332806,,65062.35741185885,1485164.0638804866,1485164.0638804866,891098.438328292,371291.01597012166,222774.609582073,0.11997089152452478,24661825.05258009,6372691.3767628195,0.13,0.0,0.0,0.0,0.0,0.0,1893108.0679280274,0.0,,1536570.1532727964,5890576.677139152,1463245.2142332806,0.0,0.0,0.0,0.0,0.0,0.0,,2810033.039692256,20000000.0,1686019.8238153537,371291.01597012166,0.0,371291.01597012166,14147019.143066877,222774.609582073,14147019.143066877,20000000.0,0.0,True,15423908.358672483,True,True,True,True,13255920.704738585,1536570.1532727964,1686019.8238153537,5679324.20378408,4354006.523866355,0.0,0.0,5679324.20378408,4354006.523866355,0.0,0.0,65062.35741185885,667059.89447382,20664356.443368964,20664356.443368964,HURDLE_COMPLETION_TRIGGER_EXECUTED
five_million_fund,1,top_down,3000000.0,3090000.0,0.0,0.0,3090000.0,0.055,165000.0,300000.0,0.0,0.0,,0.0,0.0,0.0,0.0,0.0,0.0,0.0,156000.0,0.0,0,0.0,0.0,0.0,0.0,0.0,0.0,0.0,0.0,0.0,0.0,,9000.0,156000.0,156000.0,93600.0,39000.0,23400.0,0.03,3090000.0,2000000.0,0.13,0.0,0.0,0.0,0.0,0.0,2299000.0,0.0,,0.0,0.0,0.0,23400.0,0.0,0.0,0.0,0.0,0.0,,39000.0,93600.0,23400.0,39000.0,0.0,39000.0,93600.0,23400.0,93600.0,93600.0,9906400.0,False,3094900.0,False,False,False,False,9906400.0,0.0,0.0,0.0,0.0,0.0,9906400.0,0.0,0.0,0.0,0.0,9000.0,9000.0,0.0,5412400.0,
five_million_fund,2,top_down,3090000.0,3182700.0,0.0,0.0,3182700.0,0.05665,175048.5,309000.0,0.0,0.0,,0.0,0.0,0.0,0.0,0.0,0.0,0.0,165778.5,0.0,0,0.0,23400.0,0.0,0.0,0.0,0.0,0.0,0.0,0.0,23400.0,,9270.0,165778.5,165778.5,99467.09999999999,41444.625,24866.774999999998,0.03,3182700.0,2299000.0,0.13,0.0,0.0,0.0,0.0,0.0,2639314.6249999995,0.0,,0.0,0.0,23400.0,48266.774999999994,0.0,0.0,0.0,0.0,0.0,,80444.625,193067.09999999998,48266.774999999994,41444.625,0.0,41444.625,99467.09999999999,24866.774999999998,99467.09999999999,193067.09999999998,9806932.9,False,3483256.3999999994,False,False,False,False,9806932.9,0.0,0.0,0.0,0.0,0.0,9806932.9,0.0,0.0,0.0,0.0,9270.0,18270.0,0.0,5870281.4,
five_million_fund,3,top_down,3182700.0,3278181.0,0.0,0.0,3278181.0,0.0583495,185708.95364999998,318270.0,0.0,0.0,,0.0,0.0,0.0,0.0,0.0,0.0,0.0,176160.85364999998,0.0,0,0.0,48266.774999999994,0.0,0.0,0.0,0.0,0.0,0.0,0.0,48266.774999999994,,9548.1,176160.85364999998,176160.85364999998,105696.51218999998,44040.213412499994,26424.128047499995,0.03,3278181.0,2639314.6249999995,0.13,0.0,0.0,0.0,0.0,0.0,3026465.739662499,0.0,,0.0,0.0,48266.774999999994,74690.90304749999,0.0,0.0,0.0,0.0,0.0,,124484.83841249999,298763.61218999996,74690.90304749999,44040.213412499994,0.0,44040.213412499994,105696.51218999998,26424.128047499995,105696.51218999998,298763.61218999996,9701236.38781,False,3920701.8927099993,False,False,False,False,9701236.38781,0.0,0.0,0.0,0.0,0.0,9701236.38781,0.0,0.0,0.0,0.0,9548.1,27818.1,0.0,6379337.642709999,
five_million_fund,4,top_down,3278181.0,3376526.43,0.0,0.0,3376526.43,0.060099985,197018.628927285,327818.10000000003,0.0,0.0,,0.0,0.0,0.0,0.0,0.0,0.0,0.0,187184.085927285,0.0,0,0.0,74690.90304749999,0.0,0.0,0.0,0.0,0.0,0.0,0.0,74690.90304749999,,9834.543000000001,187184.085927285,187184.085927285,112310.45155637099,46796.02148182125,28077.612889092747,0.03,3376526.43,3026465.739662499,0.13,0.0,0.0,0.0,0.0,0.0,3466702.307300445,0.0,,0.0,0.0,74690.90304749999,102768.51593659274,0.0,0.0,0.0,0.0,0.0,,171280.85989432124,411074.06374637096,102768.51593659274,46796.02148182125,0.0,46796.02148182125,112310.45155637099,28077.612889092747,112310.45155637099,411074.06374637096,9588925.93625363,False,4413602.430737038,False,False,False,False,9588925.93625363,0.0,0.0,0.0,0.0,0.0,9588925.93625363,0.0,0.0,0.0,0.0,9834.543000000001,37652.643,0.0,6945997.253237038,
five_million_fund,5,top_down,3376526.43,3477822.2229000004,0.0,0.0,3477822.2229000004,0.061902984550000005,209017.0634289567,337652.64300000004,0.0,0.0,,0.0,0.0,0.0,0.0,0.0,0.0,0.0,198887.4841389567,0.0,0,0.0,102768.51593659274,0.0,0.0,0.0,0.0,0.0,0.0,0.0,102768.51593659274,,10129.579290000001,198887.4841389567,198887.4841389567,119332.49048337401,49721.871034739175,29833.122620843504,0.03,3477822.2229000004,3466702.307300445,0.13,0.0,0.0,0.0,0.0,0.0,3967095.4782842416,0.0,,0.0,0.0,102768.51593659274,132601.63855743624,0.0,0.0,0.0,0.0,0.0,,221002.73092906043,530406.554229745,132601.63855743624,49721.871034739175,0.0,49721.871034739175,119332.49048337401,29833.122620843504,119332.49048337401,530406.554229745,9469593.445770254,False,4969152.672566678,False,False,False,False,9469593.445770254,0.0,0.0,0.0,0.0,0.0,9469593.445770254,0.0,0.0,0.0,0.0,10129.579290000001,47782.22229,0.0,7577519.339741678,
five_million_fund,6,top_down,3477822.2229000004,3582156.8895870005,0.0,0.0,3582156.8895870005,0.0637600740865,221746.20259178014,347782.22229000006,0.0,0.0,,0.0,0.0,0.0,0.0,0.0,0.0,0.0,211312.73592308012,0.0,0,0.0,132601.63855743624,0.0,0.0,0.0,0.0,0.0,0.0,0.0,132601.63855743624,,10433.4666687,211312.73592308012,211312.73592308012,126787.64155384807,52828.18398077003,31696.910388462016,0.03,3582156.8895870005,3967095.4782842416,0.13,0.0,0.0,0.0,0.0,0.0,4535646.074441963,0.0,,0.0,0.0,132601.63855743624,164298.54894589825,0.0,0.0,0.0,0.0,0.0,,273830.91490983043,657194.195783593,164298.54894589825,52828.18398077003,0.0,52828.18398077003,126787.64155384807,31696.910388462016,126787.64155384807,657194.195783593,9342805.804216407,False,5595483.845784611,False,False,False,False,9342805.804216407,0.0,0.0,0.0,0.0,0.0,9342805.804216407,0.0,0.0,0.0,0.0,10433.4666687,58215.6889587,0.0,8282101.512974862,
five_million_fund,7,top_down,3582156.8895870005,3689621.5962746106,0.0,0.0,3689621.5962746106,0.065672876309095,235250.54632961957,358215.68895870005,0.0,0.0,,0.0,0.0,0.0,0.0,0.0,0.0,0.0,224504.07566085857,0.0,0,0.0,164298.54894589825,0.0,0.0,0.0,0.0,0.0,0.0,0.0,164298.54894589825,,10746.470668761001,224504.07566085857,224504.07566085857,134702.44539651513,56126.01891521464,33675.61134912878,0.03,3689621.5962746106,4535646.074441963,0.13,0.0,0.0,0.0,0.0,0.0,5181406.083034632,0.0,,0.0,0.0,164298.54894589825,197974.16029502702,0.0,0.0,0.0,0.0,0.0,,329956.93382504507,791896.6411801081,197974.16029502702,56126.01891521464,0.0,56126.01891521464,134702.44539651513,33675.61134912878,134702.44539651513,791896.6411801081,9208103.358819893,False,6301785.642398312,False,False,False,False,9208103.358819893,0.0,0.0,0.0,0.0,0.0,9208103.358819893,0.0,0.0,0.0,0.0,10746.470668761001,68962.15962746099,0.0,9069001.839604268,
five_million_fund,8,top_down,3689621.5962746106,3800310.244162849,0.0,0.0,3800310.244162849,0.06764306259836786,249577.30460109343,368962.1596274611,0.0,0.0,,0.0,0.0,0.0,0.0,0.0,0.0,0.0,238508.43981226961,0.0,0,0.0,197974.16029502702,0.0,0.0,0.0,0.0,0.0,0.0,0.0,197974.16029502702,,11068.864788823832,238508.43981226961,238508.43981226961,143105.06388736176,59627.109953067404,35776.26597184044,0.03,3800310.244162849,5181406.083034632,0.13,0.0,0.0,0.0,0.0,0.0,5914615.983782201,0.0,,0.0,0.0,197974.16029502702,233750.42626686746,0.0,0.0,0.0,0.0,0.0,,389584.04377811245,935001.7050674699,233750.42626686746,59627.109953067404,0.0,59627.109953067404,143105.06388736176,35776.26597184044,143105.06388736176,935001.7050674699,9064998.29493253,True,7098443.971089781,False,True,True,False,9064998.29493253,0.0,0.0,0.0,0.0,0.0,3445208.3197882986,0.0,0.0,0.0,0.0,11068.864788823832,80031.02441628482,0.0,9948676.654211918,HURDLE_TRIGGER_ATTEMPTED_BUT_INSUFFICIENT
five_million_fund,9,top_down,3800310.244162849,3914319.5514877345,0.0,0.0,3914319.5514877345,0.0696723544763189,264776.5624513001,380031.0244162849,0.0,0.0,,0.0,0.0,0.0,0.0,0.0,0.0,0.0,253375.63171881155,0.0,0,0.0,233750.42626686746,0.0,0.0,0.0,0.0,0.0,0.0,0.0,233750.42626686746,,11400.930732488547,253375.63171881155,253375.63171881155,152025.37903128692,63343.90792970289,38006.34475782173,0.03,3914319.5514877345,5914615.983782201,0.13,0.0,0.0,0.0,0.0,0.0,6746859.969603589,0.0,,0.0,0.0,233750.42626686746,271756.7710246892,0.0,0.0,0.0,0.0,0.0,,452927.95170781534,1087027.0840987568,271756.7710246892,63343.90792970289,0.0,63343.90792970289,152025.37903128692,38006.34475782173,152025.37903128692,1087027.0840987568,8912972.915901244,True,7997196.628500212,False,True,True,False,8912972.915901244,0.0,0.0,0.0,0.0,0.0,2602491.2798019294,0.0,0.0,0.0,0.0,11400.930732488547,91431.95514877337,0.0,10932936.292116012,HURDLE_TRIGGER_ATTEMPTED_BUT_INSUFFICIENT
five_million_fund,10,top_down,3914319.5514877345,4031749.1380323665,0.0,0.0,4031749.1380323665,0.07176252511060847,280901.4551045842,391431.9551487735,0.0,0.0,,0.0,0.0,0.0,0.0,0.0,0.0,0.0,269158.49645012105,0.0,0,0.0,271756.7710246892,0.0,0.0,0.0,0.0,0.0,0.0,0.0,271756.7710246892,,11742.958654463204,269158.49645012105,269158.49645012105,161495.0978700726,67289.62411253026,40373.77446751815,0.03,4031749.1380323665,6746859.969603589,0.13,0.0,0.0,0.0,0.0,0.0,7691241.3897645855,0.0,,0.0,0.0,271756.7710246892,312130.54549220734,0.0,0.0,0.0,0.0,0.0,,520217.5758203456,1248522.1819688294,312130.54549220734,67289.62411253026,0.0,67289.62411253026,161495.0978700726,40373.77446751815,161495.0978700726,1248522.1819688294,8751477.818031171,True,9011309.219764885,True,True,True,False,8751477.818031171,0.0,0.0,0.0,0.0,0.0,3182614.3793453434,0.0,0.0,0.0,0.0,11742.958654463204,103174.91380323657,0.0,12035121.07328916,HURDLE_TRIGGER_ATTEMPTED_BUT_INSUFFICIENT
five_million_fund,11,top_down,4031749.1380323665,4152701.6121733375,0.0,0.0,4152701.6121733375,0.07391540086392673,298008.35372045345,403174.9138032367,0.0,0.0,,0.0,0.0,0.0,0.0,0.0,0.0,0.0,285913.1063063564,0.0,0,0.0,312130.54549220734,0.0,0.0,0.0,0.0,0.0,0.0,0.0,312130.54549220734,,12095.247414097099,285913.1063063564,285913.1063063564,171547.8637838138,71478.2765765891,42886.96594595345,0.03,4152701.6121733375,7691241.3897645855,0.13,0.0,0.0,0.0,0.0,0.0,8762581.04701057,0.0,,0.0,0.0,312130.54549220734,355017.5114381608,0.0,0.0,0.0,0.0,0.0,,591695.8523969348,1420070.0457526431,355017.5114381608,71478.2765765891,0.0,71478.2765765891,171547.8637838138,42886.96594595345,171547.8637838138,1420070.0457526431,8579929.954247357,True,10155773.961492065,True,True,True,False,8579929.954247357,0.0,0.0,0.0,0.0,0.0,614801.2545079337,0.0,0.0,0.0,0.0,12095.247414097099,115270.16121733368,0.0,13270300.17062207,HURDLE_TRIGGER_ATTEMPTED_BUT_INSUFFICIENT
five_million_fund,12,top_down,4152701.6121733375,4277282.660538537,0.0,0.0,4277282.660538537,0.07613286288984453,316157.06246202905,415270.16121733375,0.0,0.0,,0.0,0.0,0.0,0.0,0.0,0.0,0.0,303698.957625509,0.0,0,0.0,355017.5114381608,0.0,0.0,0.0,0.0,0.0,0.0,0.0,355017.5114381608,,12458.104836520011,303698.957625509,303698.957625509,182219.3745753054,75924.73940637725,45554.84364382635,0.03,4277282.660538537,8762581.04701057,0.13,0.0,0.0,0.0,0.0,0.0,2494410.3306320803,0.0,,0.0,513907.23269382305,355017.5114381608,0.0,0.0,0.0,0.0,0.0,0.0,,667620.5918033121,10000000.0,400572.35508198716,75924.73940637725,0.0,75924.73940637725,8579929.954247357,45554.84364382635,8579929.954247357,10000000.0,0.0,True,11447534.342744943,True,True,True,True,8397710.579672052,0.0,400572.35508198716,7483230.991896241,513907.23269382305,0.0,0.0,7483230.991896241,513907.23269382305,0.0,0.0,12458.104836520011,127728.26605385369,6257785.758476795,6257785.758476795,HURDLE_COMPLETION_TRIGGER_EXECUTED
jon_upside_case,1,bottom_up,5175000.0,17250000.0,12075000.0,0.0,5175000.0,0.2621080193236715,1356409.0,1566747.71,954706.52,971375.0,1.4207601724559291,0.0,0.0,7000000.0,0.0,0.0,0.0,0.0,-569672.52,47874.95130000007,2,0.0,568800.0,7156000.0,7156000.0,0.0,0.0,0.0,0.0,0.0,568800.0,initial_lp_capital,47002.4313,-616674.9513000001,0.0,0.0,0.0,0.0,0.0,5175000.0,2275200.0,0.25,0.0,0.0,0.0,0.0,0.0,2844000.0,0.0,,0.0,0.0,568800.0,0.0,0.0,0.0,0.0,0.0,0.0,,0.0,0.0,0.0,0.0,0.0,0.0,0.0,0.0,0.0,0.0,20000000.0,False,4137750.0,False,False,False,False,20000000.0,0.0,0.0,0.0,0.0,0.0,20000000.0,0.0,0.0,0.0,0.0,47002.4313,47002.4313,0.0,8019000.0,RE_CASHFLOW_SHORTFALL
jon_upside_case,2,bottom_up,5175000.0,18554358.5,12075000.0,0.0,6479358.5,0.3176813526570048,1644001.0,1613750.1413,954706.52,731750.0,1.721996200465877,0.0,0.0,7349999.999999999,349999.99999999907,5249.999999999985,344749.99999999907,0.0,-42455.52000000002,90868.02423900002,2,0.0,0.0,0.0,0.0,0.0,0.0,0.0,0.0,0.0,0.0,,48412.504239,-90868.02423900002,0.0,0.0,0.0,0.0,0.25204995169082123,6479358.5,2844000.0,0.25,0.0,0.0,0.0,0.0,0.0,3555000.0,0.0,,0.0,0.0,0.0,0.0,0.0,0.0,0.0,0.0,0.0,,0.0,0.0,0.0,0.0,0.0,0.0,0.0,0.0,0.0,0.0,20000000.0,False,5174839.625,False,False,False,False,20000000.0,0.0,0.0,0.0,0.0,0.0,20000000.0,0.0,0.0,0.0,0.0,48412.504239,95414.935539,0.0,10034358.5,RE_CASHFLOW_SHORTFALL
jon_upside_case,3,bottom_up,6479358.5,19972957.358140998,12075000.0,0.0,7897957.358140999,0.29811485195640897,1931593.0,1662162.645539,954706.52,392125.0,2.023232228475825,0.0,0.0,7717499.999999999,717499.9999999991,10762.499999999985,706737.4999999991,0.0,584761.48,0.0,2,0.0,0.0,0.0,0.0,0.0,0.0,0.0,0.0,0.0,0.0,,49864.87936617,534896.60063383,534896.60063383,320937.96038029797,133724.1501584575,80234.49009507449,0.21894125138175324,7897957.358140999,3555000.0,0.2,0.0,0.0,0.0,0.0,0.0,4399724.150158457,0.0,,0.0,0.0,0.0,80234.49009507449,0.0,0.0,0.0,0.0,0.0,,133724.1501584575,320937.96038029797,80234.49009507449,133724.1501584575,0.0,133724.1501584575,320937.96038029797,80234.49009507449,320937.96038029797,320937.96038029797,19679062.039619703,False,6454447.979788782,False,False,False,False,19679062.039619703,0.0,0.0,0.0,0.0,0.0,19679062.039619703,0.0,0.0,0.0,0.0,49864.87936617,145279.81490517,0.0,12377915.998394532,
jon_upside_case,4,bottom_up,7897957.358140999,21516947.435197312,12075000.0,0.0,9441947.435197312,0.25925500824455644,2047585.0,1712027.52490517,954706.52,193210.0,2.144727156571634,0.0,1086824.375000001,8103375.000000001,1103375.000000001,16550.625000000015,1086824.375000001,1086824.375000001,899668.48,0.0,2,0.0,80234.49009507449,0.0,0.0,0.0,0.0,0.0,0.0,0.0,80234.49009507449,,51360.8257471551,848307.6542528449,848307.6542528449,508984.5925517069,212076.91356321122,127246.14813792672,0.19549232884434486,9441947.435197312,4399724.150158457,0.15,0.0,0.0,0.0,0.0,0.0,5271759.686245437,1086824.375000001,deal:jon_deal_1:fund_liquidity,1086824.375000001,1086824.375000001,80234.49009507449,207480.63823300123,1086824.375000001,0.0,0.0,0.0,0.0,,345801.0637216687,829922.5529320049,207480.63823300123,212076.91356321122,0.0,212076.91356321122,508984.5925517069,127246.14813792672,508984.5925517069,829922.5529320049,19170077.447067995,False,7839727.183277766,False,False,False,False,19170077.447067995,0.0,0.0,0.0,0.0,0.0,19170077.447067995,0.0,0.0,0.0,0.0,51360.8257471551,196640.6406523251,0.0,14921187.759675752,
jon_upside_case,5,bottom_up,9441947.435197312,23198640.552842714,12075000.0,0.0,11123640.552842714,0.22932906742609402,2165313.0,1763388.3506523252,954706.52,65338.40000000001,2.2680404445127285,1086824.375000001,1086824.375000001,8508543.75,421719.37499999907,6325.790624999986,415393.5843749991,0.0,1145268.08,0.0,2,1086824.375000001,207480.63823300123,0.0,0.0,0.0,0.0,0.0,0.0,1086824.375000001,207480.63823300123,,52901.650519569754,1092366.4294804302,1092366.4294804302,655419.857688258,273091.60737010755,163854.9644220645,0.17810871424431496,11123640.552842714,5271759.686245437,0.15,0.0,0.0,0.0,0.0,0.0,6335615.246552359,0.0,,1086824.375000001,1086824.375000001,207480.63823300123,371335.6026550657,1086824.375000001,0.0,0.0,0.0,0.0,,618892.6710917762,1485342.4106202628,371335.6026550657,273091.60737010755,0.0,273091.60737010755,655419.857688258,163854.9644220645,655419.857688258,1485342.4106202628,18514657.589379735,False,9487860.987418104,False,False,False,False,18514657.589379735,0.0,0.0,0.0,0.0,0.0,18514657.589379735,0.0,0.0,0.0,0.0,52901.650519569754,249542.29117189485,0.0,17830591.402050138,
jon_upside_case,6,bottom_up,11123640.552842714,25031634.488493405,12075000.0,0.0,12956634.488493403,0.20155341583983863,2242007.75,1816290.0011718948,954706.52,30511.936000000005,2.3483737704022385,1086824.375000001,1086824.375000001,8933970.937500002,847146.5625000009,12707.198437500014,834439.3640625009,0.0,1256789.2940000002,0.0,2,1086824.375000001,371335.6026550657,0.0,0.0,0.0,0.0,0.0,0.0,1086824.375000001,371335.6026550657,,54488.70003515684,1202300.5939648433,1202300.5939648433,721380.3563789059,300575.1484912108,180345.08909472649,0.1647836359816801,12956634.488493403,6335615.246552359,0.15,0.0,0.0,0.0,0.0,0.0,7586532.6820264235,0.0,,1086824.375000001,1086824.375000001,371335.6026550657,551680.6917497922,1086824.375000001,0.0,0.0,0.0,0.0,,919467.8195829871,2206722.766999169,551680.6917497922,300575.1484912108,0.0,300575.1484912108,721380.3563789059,180345.08909472649,721380.3563789059,2206722.766999169,17793277.23300083,True,11377371.995899566,False,True,True,False,17793277.23300083,0.0,0.0,0.0,0.0,0.0,8312538.407607868,0.0,0.0,0.0,0.0,54488.70003515684,304030.9912070517,0.0,21094847.86226962,HURDLE_TRIGGER_ATTEMPTED_BUT_INSUFFICIENT
jon_upside_case,7,bottom_up,12956634.488493403,27030951.647372544,12075000.0,0.0,14955951.647372542,0.1791725126584119,2321472.7569000004,1870778.7012070518,954706.52,31732.413440000004,2.431608780570599,1086824.375000001,2361261.8077343768,9380669.484375002,1293845.109375001,19407.676640625014,1274437.4327343758,1274437.4327343758,1335033.82346,0.0,2,1086824.375000001,551680.6917497922,0.0,0.0,0.0,0.0,0.0,0.0,1086824.375000001,551680.6917497922,,56123.36103621155,1278910.4624237886,1278910.4624237886,767346.2774542732,319727.61560594715,191836.5693635683,0.154308370792948,14955951.647372542,7586532.6820264235,0.15,0.0,0.0,0.0,0.0,0.0,9044240.199936332,1274437.4327343758,deal:jon_deal_1:fund_liquidity,2361261.8077343768,2361261.8077343768,551680.6917497922,743517.2611133605,2361261.8077343768,0.0,0.0,0.0,0.0,,1239195.4351889342,2974069.044453442,743517.2611133605,319727.61560594715,0.0,319727.61560594715,767346.2774542732,191836.5693635683,767346.2774542732,2974069.044453442,17025930.955546558,True,13526745.372892827,False,True,True,False,17025930.955546558,0.0,0.0,0.0,0.0,0.0,6525710.517884642,0.0,0.0,0.0,0.0,56123.36103621155,360154.3522432632,0.0,24743709.108422235,HURDLE_TRIGGER_ATTEMPTED_BUT_INSUFFICIENT
jon_upside_case,8,bottom_up,14955951.647372542,29213192.919706624,12075000.0,0.0,17138192.919706624,0.16072597462598112,2403809.904983,1926902.0622432635,954706.52,33001.7099776,2.5178521929262616,2361261.8077343768,2361261.8077343768,9849702.958593752,488441.1508593755,7326.617262890632,481114.53359648486,0.0,1416101.6750054,0.0,2,2361261.8077343768,743517.2611133605,0.0,0.0,0.0,0.0,0.0,0.0,2361261.8077343768,743517.2611133605,,57807.0618672979,1358294.6131381022,1358294.6131381022,814976.7678828613,339573.65328452556,203744.19197071533,0.14591122810412793,17138192.919706624,9044240.199936332,0.15,0.0,0.0,0.0,0.0,0.0,10740449.883211307,0.0,,2361261.8077343768,2361261.8077343768,743517.2611133605,947261.4530840758,2361261.8077343768,0.0,0.0,0.0,0.0,,1578769.0884734597,3789045.8123363033,947261.4530840758,339573.65328452556,0.0,339573.65328452556,814976.7678828613,203744.19197071533,814976.7678828613,3789045.8123363033,16210954.187663697,True,15972259.566222038,False,True,True,False,16210954.187663697,0.0,0.0,0.0,0.0,0.0,2923807.0922444835,0.0,0.0,0.0,0.0,57807.0618672979,417961.41411056113,0.0,28825904.25600201,HURDLE_TRIGGER_ATTEMPTED_BUT_INSUFFICIENT
jon_upside_case,9,bottom_up,17138192.919706624,31596708.39778432,12075000.0,0.0,19521708.39778432,0.14523846812702002,2489124.8861235306,1984709.1241105616,954706.52,34321.77837670402,2.607214713610137,2361261.8077343768,2361261.8077343768,10342188.106523441,980926.2987890644,14713.894481835965,966212.4043072284,0.0,1500096.5877468265,0.0,2,2361261.8077343768,947261.4530840758,0.0,0.0,0.0,0.0,0.0,0.0,2361261.8077343768,947261.4530840758,,59541.273723316845,1440555.3140235096,1440555.3140235096,864333.1884141058,360138.8285058774,216083.29710352645,0.13907624270800278,19521708.39778432,10740449.883211307,0.15,0.0,0.0,0.0,0.0,0.0,3177914.048549719,0.0,,2361261.8077343768,4649534.103412828,947261.4530840758,0.0,0.0,0.0,0.0,0.0,0.0,,1938907.916979337,20000000.0,1163344.7501876024,360138.8285058774,0.0,360138.8285058774,16210954.187663697,216083.29710352645,16210954.187663697,20000000.0,0.0,True,18755428.043832563,True,True,True,True,15346620.99924959,2361261.8077343768,1163344.7501876024,9533742.145649161,2288272.2956784517,0.0,0.0,9533742.145649161,2288272.2956784517,0.0,0.0,59541.273723316845,477502.687833878,18050088.34292121,18050088.34292121,HURDLE_COMPLETION_TRIGGER_EXECUTED
oak_cliff_base_no_refi,1,bottom_up,2175000.0,7250000.0,5075000.0,0.0,2175000.0,0.32248689655172413,701409.0,1566747.71,429706.52,800000.0,1.6322977831474375,0.0,0.0,0.0,0.0,0.0,0.0,0.0,-528297.52,0.0,1,0.0,1168800.0,4156000.0,4156000.0,0.0,0.0,0.0,0.0,0.0,1168800.0,initial_lp_capital,47002.4313,-575299.9513000001,0.0,0.0,0.0,0.0,0.0,2175000.0,4675200.0,0.25,0.0,0.0,0.0,0.0,0.0,5844000.0,0.0,,0.0,0.0,1168800.0,593500.0486999999,0.0,0.0,0.0,0.0,0.0,,0.0,0.0,0.0,0.0,0.0,0.0,0.0,0.0,0.0,0.0,20000000.0,False,6981250.0487,False,False,False,False,20000000.0,0.0,0.0,0.0,0.0,0.0,20000000.0,0.0,0.0,0.0,0.0,47002.4313,47002.4313,0.0,8612500.0487,
oak_cliff_base_no_refi,2,bottom_up,2175000.0,8054358.5,5075000.0,0.0,2979358.5,0.3558625287356322,774001.0,1613750.1413,429706.52,600000.0,1.8012316871524312,0.0,0.0,0.0,0.0,0.0,0.0,0.0,-255705.52000000002,0.0,1,0.0,593500.0486999999,0.0,0.0,0.0,0.0,0.0,0.0,0.0,593500.0486999999,,48412.504239,-304118.02423900005,0.0,0.0,0.0,0.0,0.36982000000000004,2979358.5,5844000.0,0.25,0.0,0.0,0.0,0.0,0.0,7305000.0,0.0,,0.0,0.0,593500.0486999999,289382.0244609999,0.0,0.0,0.0,0.0,0.0,,0.0,0.0,0.0,0.0,0.0,0.0,0.0,0.0,0.0,0.0,20000000.0,False,8339221.649461,False,False,False,False,20000000.0,0.0,0.0,0.0,0.0,0.0,20000000.0,0.0,0.0,0.0,0.0,48412.504239,95414.935539,0.0,10573740.524461,
oak_cliff_base_no_refi,3,bottom_up,2979358.5,8947957.358141,5075000.0,0.0,3872957.3581409995,0.28415277986855225,846593.0,1662162.645539,429706.52,300000.0,1.9701655911574252,0.0,0.0,0.0,0.0,0.0,0.0,0.0,116886.47999999998,0.0,1,0.0,289382.0244609999,0.0,0.0,0.0,0.0,0.0,0.0,0.0,289382.0244609999,,49864.87936617,67021.60063382998,67021.60063382998,40212.960380297984,16755.400158457494,10053.240095074496,0.2999299540961584,3872957.3581409995,7305000.0,0.25,0.0,0.0,0.0,0.0,0.0,9148005.400158457,0.0,,0.0,0.0,289382.0244609999,299435.2645560744,0.0,0.0,0.0,0.0,0.0,,16755.400158457494,40212.960380297984,10053.240095074496,16755.400158457494,0.0,16755.400158457494,40212.960380297984,10053.240095074496,40212.960380297984,40212.960380297984,19959787.039619703,False,10415680.004249781,False,False,False,False,19959787.039619703,0.0,0.0,0.0,0.0,0.0,19959787.039619703,0.0,0.0,0.0,0.0,49864.87936617,145279.81490517,0.0,13320398.022855531,
oak_cliff_base_no_refi,4,bottom_up,3872957.3581409995,9940697.43519731,5075000.0,0.0,4865697.4351973105,0.23733413900565234,919185.0,1712027.52490517,429706.52,100000.0,2.139099495162419,0.0,0.0,0.0,0.0,0.0,0.0,0.0,389478.48,0.0,1,0.0,299435.2645560744,0.0,0.0,0.0,0.0,0.0,0.0,0.0,299435.2645560744,,51360.8257471551,338117.65425284486,338117.65425284486,202870.5925517069,84529.41356321122,50717.64813792673,0.2563261056746624,4865697.4351973105,9148005.400158457,0.25,0.0,0.0,0.0,0.0,0.0,11519536.163761282,0.0,,0.0,0.0,299435.2645560744,350152.9126940011,0.0,0.0,0.0,0.0,0.0,,101284.8137216687,243083.5529320049,60770.88823300123,84529.41356321122,0.0,84529.41356321122,202870.5925517069,50717.64813792673,202870.5925517069,243083.5529320049,19756916.447067995,False,13086113.435254611,False,False,False,False,19756916.447067995,0.0,0.0,0.0,0.0,0.0,19756916.447067995,0.0,0.0,0.0,0.0,51360.8257471551,196640.6406523251,0.0,16735386.511652594,
oak_cliff_base_no_refi,5,bottom_up,4865697.4351973105,11043578.052842712,5075000.0,0.0,5968578.052842712,0.20383038880011703,991777.0,1763388.3506523252,429706.52,36000.0,2.308033399167413,0.0,0.0,0.0,0.0,0.0,0.0,0.0,526070.48,0.0,1,0.0,350152.9126940011,0.0,0.0,0.0,0.0,0.0,0.0,0.0,350152.9126940011,,52901.650519569754,473168.8294804302,473168.8294804302,283901.2976882581,118292.20737010756,70975.32442206453,0.22666444684115006,5968578.052842712,11519536.163761282,0.25,0.0,0.0,0.0,0.0,0.0,14517712.41207171,0.0,,0.0,0.0,350152.9126940011,421128.23711606563,0.0,0.0,0.0,0.0,0.0,,219577.02109177626,526984.850620263,131746.21265506576,118292.20737010756,0.0,118292.20737010756,283901.2976882581,70975.32442206453,283901.2976882581,526984.850620263,19473015.149379738,True,16430985.162398454,False,False,False,False,19473015.149379738,0.0,0.0,0.0,0.0,0.0,19473015.149379738,0.0,0.0,0.0,0.0,52901.650519569754,249542.29117189485,0.0,20907418.702030487,HURDLE_REACHED_BUT_LIQUIDITY_CONSTRAINED
oak_cliff_base_no_refi,6,bottom_up,5968578.052842712,12268818.8634934,5075000.0,0.0,7193818.8634934,0.1711513698833956,1021530.31,1816290.0011718948,429706.52,0.0,2.3772744011424356,0.0,0.0,0.0,0.0,0.0,0.0,0.0,591823.79,0.0,1,0.0,421128.23711606563,0.0,0.0,0.0,0.0,0.0,0.0,0.0,421128.23711606563,,54488.70003515684,537335.0899648432,537335.0899648432,322401.05397890595,134333.7724912108,80600.26349472649,0.20528186107361535,7193818.8634934,14517712.41207171,0.25,0.0,0.0,0.0,0.0,0.0,18281474.287580848,0.0,,0.0,0.0,421128.23711606563,501728.50061079214,0.0,0.0,0.0,0.0,0.0,,353910.79358298704,849385.904599169,212346.47614979226,134333.7724912108,0.0,134333.7724912108,322401.05397890595,80600.26349472649,322401.05397890595,849385.904599169,19150614.095400833,True,20581657.50406499,True,False,False,False,19150614.095400833,0.0,0.0,0.0,0.0,0.0,19150614.095400833,0.0,0.0,0.0,0.0,54488.70003515684,304030.9912070517,0.0,25977021.651685037,HURDLE_REACHED_BUT_LIQUIDITY_CONSTRAINED
oak_cliff_base_no_refi,7,bottom_up,7193818.8634934,13629995.241122538,5075000.0,0.0,8554995.241122538,0.1462611499212883,1052176.2193,1870778.7012070518,429706.52,0.0,2.4485926331767085,0.0,0.0,0.0,0.0,0.0,0.0,0.0,622469.6993,0.0,1,0.0,501728.50061079214,0.0,0.0,0.0,0.0,0.0,0.0,0.0,501728.50061079214,,56123.36103621155,566346.3382637884,566346.3382637884,339807.80295827304,141586.5845659471,84951.95073956826,0.18921471383394484,8554995.241122538,18281474.287580848,0.25,0.0,0.0,0.0,0.0,0.0,22993429.44404201,0.0,,0.0,0.0,501728.50061079214,586680.4513503604,0.0,0.0,0.0,0.0,0.0,,495497.3781489341,1189193.7075574421,297298.42688936053,141586.5845659471,0.0,141586.5845659471,339807.80295827304,84951.95073956826,339807.80295827304,1189193.7075574421,18810806.292442556,True,25718858.705673005,True,True,True,False,18810806.292442556,0.0,0.0,0.0,0.0,0.0,3733162.7846783046,0.0,0.0,0.0,0.0,56123.36103621155,360154.3522432632,0.0,32135105.13651491,HURDLE_TRIGGER_ATTEMPTED_BUT_INSUFFICIENT
oak_cliff_base_year4_refi,1,bottom_up,2175000.0,7250000.0,5075000.0,0.0,2175000.0,0.32248689655172413,701409.0,1566747.71,429706.52,800000.0,1.6322977831474375,0.0,0.0,5075000.0,0.0,0.0,0.0,0.0,-528297.52,0.0,1,0.0,1168800.0,4156000.0,4156000.0,0.0,0.0,0.0,0.0,0.0,1168800.0,initial_lp_capital,47002.4313,-575299.9513000001,0.0,0.0,0.0,0.0,0.0,2175000.0,4675200.0,0.25,0.0,0.0,0.0,0.0,0.0,5844000.0,0.0,,0.0,0.0,1168800.0,593500.0486999999,0.0,0.0,0.0,0.0,0.0,,0.0,0.0,0.0,0.0,0.0,0.0,0.0,0.0,0.0,0.0,20000000.0,False,6981250.0487,False,False,False,False,20000000.0,0.0,0.0,0.0,0.0,0.0,20000000.0,0.0,0.0,0.0,0.0,47002.4313,47002.4313,0.0,8612500.0487,
oak_cliff_base_year4_refi,2,bottom_up,2175000.0,8054358.5,5075000.0,0.0,2979358.5,0.3558625287356322,774001.0,1613750.1413,429706.52,600000.0,1.8012316871524312,0.0,0.0,5638050.949999999,563050.9499999993,11261.018999999986,551789.9309999993,0.0,-255705.52000000002,0.0,1,0.0,593500.0486999999,0.0,0.0,0.0,0.0,0.0,0.0,0.0,593500.0486999999,,48412.504239,-304118.02423900005,0.0,0.0,0.0,0.0,0.36982000000000004,2979358.5,5844000.0,0.25,0.0,0.0,0.0,0.0,0.0,7305000.0,0.0,,0.0,0.0,593500.0486999999,289382.0244609999,0.0,0.0,0.0,0.0,0.0,,0.0,0.0,0.0,0.0,0.0,0.0,0.0,0.0,0.0,0.0,20000000.0,False,8339221.649461,False,False,False,False,20000000.0,0.0,0.0,0.0,0.0,0.0,20000000.0,0.0,0.0,0.0,0.0,48412.504239,95414.935539,0.0,10573740.524461,
oak_cliff_base_year4_refi,3,bottom_up,2979358.5,8947957.358141,5075000.0,0.0,3872957.3581409995,0.28415277986855225,846593.0,1662162.645539,429706.52,300000.0,1.9701655911574252,0.0,0.0,6263570.150698699,1188570.150698699,23771.40301397398,1164798.747684725,0.0,116886.47999999998,0.0,1,0.0,289382.0244609999,0.0,0.0,0.0,0.0,0.0,0.0,0.0,289382.0244609999,,49864.87936617,67021.60063382998,67021.60063382998,40212.960380297984,16755.400158457494,10053.240095074496,0.2999299540961584,3872957.3581409995,7305000.0,0.25,0.0,0.0,0.0,0.0,0.0,9148005.400158457,0.0,,0.0,0.0,289382.0244609999,299435.2645560744,0.0,0.0,0.0,0.0,0.0,,16755.400158457494,40212.960380297984,10053.240095074496,16755.400158457494,0.0,16755.400158457494,40212.960380297984,10053.240095074496,40212.960380297984,40212.960380297984,19959787.039619703,False,10415680.004249781,False,False,False,False,19959787.039619703,0.0,0.0,0.0,0.0,0.0,19959787.039619703,0.0,0.0,0.0,0.0,49864.87936617,145279.81490517,0.0,13320398.022855531,
oak_cliff_base_year4_refi,4,bottom_up,3872957.3581409995,9940697.43519731,5075000.0,0.0,4865697.4351973105,0.23733413900565234,919185.0,1712027.52490517,429706.52,100000.0,2.139099495162419,0.0,1845818.4405453547,6958488.204638117,1883488.204638117,37669.76409276234,1845818.4405453547,1845818.4405453547,389478.48,0.0,1,0.0,299435.2645560744,0.0,0.0,0.0,0.0,0.0,0.0,0.0,299435.2645560744,,51360.8257471551,338117.65425284486,338117.65425284486,202870.5925517069,84529.41356321122,50717.64813792673,0.2563261056746624,4865697.4351973105,9148005.400158457,0.25,0.0,0.0,0.0,0.0,0.0,11519536.163761282,1845818.4405453547,deal:oak_cliff:fund_liquidity,1845818.4405453547,1845818.4405453547,299435.2645560744,350152.9126940011,1845818.4405453547,0.0,0.0,0.0,0.0,,101284.8137216687,243083.5529320049,60770.88823300123,84529.41356321122,0.0,84529.41356321122,202870.5925517069,50717.64813792673,202870.5925517069,243083.5529320049,19756916.447067995,False,13715507.517000638,False,False,False,False,19756916.447067995,0.0,0.0,0.0,0.0,0.0,19756916.447067995,0.0,0.0,0.0,0.0,51360.8257471551,196640.6406523251,0.0,16735386.511652596,
oak_cliff_base_year4_refi,5,bottom_up,4865697.4351973105,11043578.052842712,5075000.0,0.0,5968578.052842712,0.20383038880011703,991777.0,1763388.3506523252,429706.52,36000.0,2.308033399167413,1845818.4405453547,1845818.4405453547,7730504.636989898,809686.1964445433,16193.723928890866,793492.4725156524,0.0,526070.48,0.0,1,1845818.4405453547,350152.9126940011,0.0,0.0,0.0,0.0,0.0,0.0,1845818.4405453547,350152.9126940011,,52901.650519569754,473168.8294804302,473168.8294804302,283901.2976882581,118292.20737010756,70975.32442206453,0.22666444684115006,5968578.052842712,11519536.163761282,0.25,0.0,0.0,0.0,0.0,0.0,14517712.41207171,0.0,,1845818.4405453547,1845818.4405453547,350152.9126940011,421128.23711606563,1845818.4405453547,0.0,0.0,0.0,0.0,,219577.02109177626,526984.850620263,131746.21265506576,118292.20737010756,0.0,118292.20737010756,283901.2976882581,70975.32442206453,283901.2976882581,526984.850620263,19473015.149379738,True,16784659.08973313,False,False,False,False,19473015.149379738,0.0,0.0,0.0,0.0,0.0,19473015.149379738,0.0,0.0,0.0,0.0,52901.650519569754,249542.29117189485,0.0,20907418.702030487,HURDLE_REACHED_BUT_LIQUIDITY_CONSTRAINED
oak_cliff_base_year4_refi,6,bottom_up,5968578.052842712,12268818.8634934,5075000.0,0.0,7193818.8634934,0.1711513698833956,1021530.31,1816290.0011718948,429706.52,0.0,2.3772744011424356,1845818.4405453547,1845818.4405453547,8588173.204445379,1667354.7639000241,33347.09527800048,1634007.6686220237,0.0,591823.79,0.0,1,1845818.4405453547,421128.23711606563,0.0,0.0,0.0,0.0,0.0,0.0,1845818.4405453547,421128.23711606563,,54488.70003515684,537335.0899648432,537335.0899648432,322401.05397890595,134333.7724912108,80600.26349472649,0.20528186107361535,7193818.8634934,14517712.41207171,0.25,0.0,0.0,0.0,0.0,0.0,18281474.287580848,0.0,,1845818.4405453547,1845818.4405453547,421128.23711606563,501728.50061079214,1845818.4405453547,0.0,0.0,0.0,0.0,,353910.79358298704,849385.904599169,212346.47614979226,134333.7724912108,0.0,134333.7724912108,322401.05397890595,80600.26349472649,322401.05397890595,849385.904599169,19150614.095400833,True,20629021.228736993,True,False,False,False,19150614.095400833,0.0,0.0,0.0,0.0,0.0,19150614.095400833,0.0,0.0,0.0,0.0,54488.70003515684,304030.9912070517,0.0,25977021.651685037,HURDLE_REACHED_BUT_LIQUIDITY_CONSTRAINED
oak_cliff_base_year4_refi,7,bottom_up,7193818.8634934,13629995.241122538,5075000.0,0.0,8554995.241122538,0.1462611499212883,1052176.2193,1870778.7012070518,429706.52,0.0,2.4485926331767085,1845818.4405453547,1845818.4405453547,9540996.668785777,2620178.228240422,52403.56456480844,2567774.6636756137,0.0,622469.6993,0.0,1,1845818.4405453547,501728.50061079214,0.0,0.0,0.0,0.0,0.0,0.0,1845818.4405453547,501728.50061079214,,56123.36103621155,566346.3382637884,566346.3382637884,339807.80295827304,141586.5845659471,84951.95073956826,0.18921471383394484,8554995.241122538,18281474.287580848,0.25,0.0,0.0,0.0,0.0,0.0,22993429.44404201,0.0,,1845818.4405453547,1845818.4405453547,501728.50061079214,586680.4513503604,1845818.4405453547,0.0,0.0,0.0,0.0,,495497.3781489341,1189193.7075574421,297298.42688936053,141586.5845659471,0.0,141586.5845659471,339807.80295827304,84951.95073956826,339807.80295827304,1189193.7075574421,18810806.292442556,True,25718858.705673,True,True,True,False,18810806.292442556,0.0,0.0,0.0,0.0,0.0,3733162.7846783046,0.0,0.0,0.0,0.0,56123.36103621155,360154.3522432632,0.0,32135105.136514913,HURDLE_TRIGGER_ATTEMPTED_BUT_INSUFFICIENT
oak_cliff_year4_refi_to_lp,1,bottom_up,2175000.0,7250000.0,5075000.0,0.0,2175000.0,0.32248689655172413,701409.0,1566747.71,429706.52,800000.0,1.6322977831474375,0.0,0.0,0.0,0.0,0.0,0.0,0.0,-528297.52,0.0,1,0.0,1168800.0,4156000.0,4156000.0,0.0,0.0,0.0,0.0,0.0,1168800.0,initial_lp_capital,47002.4313,-575299.9513000001,0.0,0.0,0.0,0.0,0.0,2175000.0,4675200.0,0.25,0.0,0.0,0.0,0.0,0.0,5844000.0,0.0,,0.0,0.0,1168800.0,593500.0486999999,0.0,0.0,0.0,0.0,0.0,,0.0,0.0,0.0,0.0,0.0,0.0,0.0,0.0,0.0,0.0,20000000.0,False,6981250.0487,False,False,False,False,20000000.0,0.0,0.0,0.0,0.0,0.0,20000000.0,0.0,0.0,0.0,0.0,47002.4313,47002.4313,0.0,8612500.0487,
oak_cliff_year4_refi_to_lp,2,bottom_up,2175000.0,8054358.5,5075000.0,0.0,2979358.5,0.3558625287356322,774001.0,1613750.1413,429706.52,600000.0,1.8012316871524312,0.0,0.0,0.0,0.0,0.0,0.0,0.0,-255705.52000000002,0.0,1,0.0,593500.0486999999,0.0,0.0,0.0,0.0,0.0,0.0,0.0,593500.0486999999,,48412.504239,-304118.02423900005,0.0,0.0,0.0,0.0,0.36982000000000004,2979358.5,5844000.0,0.25,0.0,0.0,0.0,0.0,0.0,7305000.0,0.0,,0.0,0.0,593500.0486999999,289382.0244609999,0.0,0.0,0.0,0.0,0.0,,0.0,0.0,0.0,0.0,0.0,0.0,0.0,0.0,0.0,0.0,20000000.0,False,8339221.649461,False,False,False,False,20000000.0,0.0,0.0,0.0,0.0,0.0,20000000.0,0.0,0.0,0.0,0.0,48412.504239,95414.935539,0.0,10573740.524461,
oak_cliff_year4_refi_to_lp,3,bottom_up,2979358.5,8947957.358141,5075000.0,0.0,3872957.3581409995,0.28415277986855225,846593.0,1662162.645539,429706.52,300000.0,1.9701655911574252,0.0,0.0,0.0,0.0,0.0,0.0,0.0,116886.47999999998,0.0,1,0.0,289382.0244609999,0.0,0.0,0.0,0.0,0.0,0.0,0.0,289382.0244609999,,49864.87936617,67021.60063382998,67021.60063382998,40212.960380297984,16755.400158457494,10053.240095074496,0.2999299540961584,3872957.3581409995,7305000.0,0.25,0.0,0.0,0.0,0.0,0.0,9148005.400158457,0.0,,0.0,0.0,289382.0244609999,299435.2645560744,0.0,0.0,0.0,0.0,0.0,,16755.400158457494,40212.960380297984,10053.240095074496,16755.400158457494,0.0,16755.400158457494,40212.960380297984,10053.240095074496,40212.960380297984,40212.960380297984,19959787.039619703,False,10415680.004249781,False,False,False,False,19959787.039619703,0.0,0.0,0.0,0.0,0.0,19959787.039619703,0.0,0.0,0.0,0.0,49864.87936617,145279.81490517,0.0,13320398.022855531,
oak_cliff_year4_refi_to_lp,4,bottom_up,3872957.3581409995,9940697.43519731,5075000.0,0.0,4865697.4351973105,0.23733413900565234,919185.0,1712027.52490517,429706.52,100000.0,2.139099495162419,0.0,0.0,0.0,0.0,0.0,0.0,0.0,389478.48,0.0,1,0.0,299435.2645560744,0.0,0.0,0.0,0.0,0.0,0.0,0.0,299435.2645560744,,51360.8257471551,338117.65425284486,338117.65425284486,202870.5925517069,84529.41356321122,50717.64813792673,0.2563261056746624,4865697.4351973105,9148005.400158457,0.25,0.0,0.0,0.0,0.0,0.0,11519536.163761282,1845818.4406379934,lp_distribution,1845818.4406379934,1845818.4406379934,299435.2645560744,350152.9126940011,0.0,0.0,0.0,0.0,0.0,,101284.8137216687,2088901.9935699983,60770.88823300123,84529.41356321122,0.0,84529.41356321122,2048689.0331897002,50717.64813792673,2048689.0331897002,2088901.9935699983,17911098.00643,False,11869689.076455284,False,False,False,False,17911098.00643,0.0,0.0,0.0,0.0,0.0,17911098.00643,0.0,0.0,0.0,0.0,51360.8257471551,196640.6406523251,0.0,14889568.071014602,
oak_cliff_year4_refi_to_lp,5,bottom_up,4865697.4351973105,11043578.052842712,5075000.0,0.0,5968578.052842712,0.20383038880011703,991777.0,1763388.3506523252,429706.52,36000.0,2.308033399167413,0.0,0.0,0.0,0.0,0.0,0.0,0.0,526070.48,0.0,1,0.0,350152.9126940011,0.0,0.0,0.0,0.0,0.0,0.0,0.0,350152.9126940011,,52901.650519569754,473168.8294804302,473168.8294804302,283901.2976882581,118292.20737010756,70975.32442206453,0.22666444684115006,5968578.052842712,11519536.163761282,0.25,0.0,0.0,0.0,0.0,0.0,14517712.41207171,0.0,,1845818.4406379934,1845818.4406379934,350152.9126940011,421128.23711606563,0.0,0.0,0.0,0.0,0.0,,219577.02109177626,2372803.2912582564,131746.21265506576,118292.20737010756,0.0,118292.20737010756,283901.2976882581,70975.32442206453,283901.2976882581,2372803.2912582564,17627196.708741743,True,14938840.649187775,False,True,True,False,17627196.708741743,0.0,0.0,0.0,0.0,0.0,9704028.387732867,0.0,0.0,0.0,0.0,52901.650519569754,249542.29117189485,0.0,19061600.261392493,HURDLE_TRIGGER_ATTEMPTED_BUT_INSUFFICIENT
oak_cliff_year4_refi_to_lp,6,bottom_up,5968578.052842712,12268818.8634934,5075000.0,0.0,7193818.8634934,0.1711513698833956,1021530.31,1816290.0011718948,429706.52,0.0,2.3772744011424356,0.0,0.0,0.0,0.0,0.0,0.0,0.0,591823.79,0.0,1,0.0,421128.23711606563,0.0,0.0,0.0,0.0,0.0,0.0,0.0,421128.23711606563,,54488.70003515684,537335.0899648432,537335.0899648432,322401.05397890595,134333.7724912108,80600.26349472649,0.20528186107361535,7193818.8634934,14517712.41207171,0.25,0.0,0.0,0.0,0.0,0.0,18281474.287580848,0.0,,1845818.4406379934,1845818.4406379934,421128.23711606563,501728.50061079214,0.0,0.0,0.0,0.0,0.0,,353910.79358298704,2695204.3452371624,212346.47614979226,134333.7724912108,0.0,134333.7724912108,322401.05397890595,80600.26349472649,322401.05397890595,2695204.3452371624,17304795.654762838,True,18783202.78819164,True,True,True,False,17304795.654762838,0.0,0.0,0.0,0.0,0.0,3091961.438466409,0.0,0.0,0.0,0.0,54488.70003515684,304030.9912070517,0.0,24131203.211047042,HURDLE_TRIGGER_ATTEMPTED_BUT_INSUFFICIENT
oak_cliff_year4_refi_to_lp,7,bottom_up,7193818.8634934,13629995.241122538,5075000.0,0.0,8554995.241122538,0.1462611499212883,1052176.2193,1870778.7012070518,429706.52,0.0,2.4485926331767085,0.0,0.0,0.0,0.0,0.0,0.0,0.0,622469.6993,0.0,1,0.0,501728.50061079214,0.0,0.0,0.0,0.0,0.0,0.0,0.0,501728.50061079214,,56123.36103621155,566346.3382637884,566346.3382637884,339807.80295827304,141586.5845659471,84951.95073956826,0.18921471383394484,8554995.241122538,18281474.287580848,0.25,0.0,0.0,0.0,0.0,0.0,22993429.44404201,0.0,,1845818.4406379934,1845818.4406379934,501728.50061079214,586680.4513503604,0.0,0.0,0.0,0.0,0.0,,495497.3781489341,3035012.1481954353,297298.42688936053,141586.5845659471,0.0,141586.5845659471,339807.80295827304,84951.95073956826,339807.80295827304,3035012.1481954353,16964987.851804566,True,23873040.26503501,True,True,True,False,16964987.851804566,0.0,0.0,0.0,0.0,0.0,3733162.7846783064,0.0,0.0,0.0,0.0,56123.36103621155,360154.3522432632,0.0,30289286.695876915,HURDLE_TRIGGER_ATTEMPTED_BUT_INSUFFICIENT
oak_cliff_6m_year5_sale_to_lp,1,bottom_up,2175000.0,7250000.0,5075000.0,0.0,2175000.0,0.32248689655172413,701409.0,1566747.71,429706.52,800000.0,1.6322977831474375,0.0,0.0,0.0,0.0,0.0,0.0,0.0,-528297.52,231209.5513000001,1,0.0,344090.39999999997,4156000.0,4156000.0,0.0,0.0,0.0,0.0,0.0,344090.39999999997,initial_lp_capital,47002.4313,-575299.9513000001,0.0,0.0,0.0,0.0,0.0,2175000.0,1499909.6,0.25,0.0,0.0,0.0,0.0,0.0,1874887.0,0.0,,0.0,0.0,344090.39999999997,0.0,0.0,0.0,0.0,0.0,0.0,,0.0,0.0,0.0,0.0,0.0,0.0,0.0,0.0,0.0,0.0,12000000.0,False,2418637.0,False,False,False,False,12000000.0,0.0,0.0,0.0,0.0,0.0,12000000.0,0.0,0.0,0.0,0.0,47002.4313,47002.4313,0.0,4049887.0,RE_CASHFLOW_SHORTFALL
oak_cliff_6m_year5_sale_to_lp,2,bottom_up,2175000.0,8054358.5,5075000.0,0.0,2979358.5,0.3558625287356322,774001.0,1613750.1413,429706.52,600000.0,1.8012316871524312,0.0,0.0,0.0,0.0,0.0,0.0,0.0,-255705.52000000002,304118.02423900005,1,0.0,0.0,0.0,0.0,0.0,0.0,0.0,0.0,0.0,0.0,,48412.504239,-304118.02423900005,0.0,0.0,0.0,0.0,0.36982000000000004,2979358.5,1874887.0,0.25,0.0,0.0,0.0,0.0,0.0,2343608.75,0.0,,0.0,0.0,0.0,0.0,0.0,0.0,0.0,0.0,0.0,,0.0,0.0,0.0,0.0,0.0,0.0,0.0,0.0,0.0,0.0,12000000.0,False,3088448.375,False,False,False,False,12000000.0,0.0,0.0,0.0,0.0,0.0,12000000.0,0.0,0.0,0.0,0.0,48412.504239,95414.935539,0.0,5322967.25,RE_CASHFLOW_SHORTFALL
oak_cliff_6m_year5_sale_to_lp,3,bottom_up,2979358.5,8947957.358141,5075000.0,0.0,3872957.3581409995,0.28415277986855225,846593.0,1662162.645539,429706.52,300000.0,1.9701655911574252,0.0,0.0,0.0,0.0,0.0,0.0,0.0,116886.47999999998,0.0,1,0.0,0.0,0.0,0.0,0.0,0.0,0.0,0.0,0.0,0.0,,49864.87936617,67021.60063382998,67021.60063382998,40212.960380297984,16755.400158457494,10053.240095074496,0.2999299540961584,3872957.3581409995,2343608.75,0.25,0.0,0.0,0.0,0.0,0.0,2946266.3376584575,0.0,,0.0,0.0,0.0,10053.240095074496,0.0,0.0,0.0,0.0,0.0,,16755.400158457494,40212.960380297984,10053.240095074496,16755.400158457494,0.0,16755.400158457494,40212.960380297984,10053.240095074496,40212.960380297984,40212.960380297984,11959787.039619703,False,3924558.9172887816,False,False,False,False,11959787.039619703,0.0,0.0,0.0,0.0,0.0,11959787.039619703,0.0,0.0,0.0,0.0,49864.87936617,145279.81490517,0.0,6829276.935894531,
oak_cliff_6m_year5_sale_to_lp,4,bottom_up,3872957.3581409995,9940697.43519731,5075000.0,0.0,4865697.4351973105,0.23733413900565234,919185.0,1712027.52490517,429706.52,100000.0,2.139099495162419,0.0,0.0,0.0,0.0,0.0,0.0,0.0,389478.48,0.0,1,0.0,10053.240095074496,0.0,0.0,0.0,0.0,0.0,0.0,0.0,10053.240095074496,,51360.8257471551,338117.65425284486,338117.65425284486,202870.5925517069,84529.41356321122,50717.64813792673,0.2563261056746624,4865697.4351973105,2946266.3376584575,0.25,0.0,0.0,0.0,0.0,0.0,3767362.3356362833,0.0,,0.0,0.0,10053.240095074496,60770.88823300123,0.0,0.0,0.0,0.0,0.0,,101284.8137216687,243083.5529320049,60770.88823300123,84529.41356321122,0.0,84529.41356321122,202870.5925517069,50717.64813792673,202870.5925517069,243083.5529320049,11756916.447067995,False,5044557.582668612,False,False,False,False,11756916.447067995,0.0,0.0,0.0,0.0,0.0,11756916.447067995,0.0,0.0,0.0,0.0,51360.8257471551,196640.6406523251,0.0,8693830.659066593,
oak_cliff_6m_year5_sale_to_lp,5,bottom_up,4865697.4351973105,11043578.052842712,5075000.0,0.0,5968578.052842712,0.20383038880011703,991777.0,1763388.3506523252,429706.52,36000.0,2.308033399167413,0.0,0.0,0.0,0.0,0.0,0.0,0.0,526070.48,0.0,1,0.0,60770.88823300123,0.0,0.0,0.0,0.0,0.0,0.0,0.0,60770.88823300123,,52901.650519569754,473168.8294804302,473168.8294804302,283901.2976882581,118292.20737010756,70975.32442206453,0.22666444684115006,5968578.052842712,3767362.3356362833,0.25,0.0,0.0,0.0,0.0,0.0,4827495.126915462,5968578.052842712,lp_distribution,5968578.052842712,5968578.052842712,60770.88823300123,131746.21265506576,0.0,0.0,0.0,0.0,0.0,,219577.02109177626,6495562.903462975,131746.21265506576,118292.20737010756,0.0,118292.20737010756,6252479.35053097,70975.32442206453,6252479.35053097,6495562.903462975,5504437.096537025,False,4959241.339570528,False,False,False,False,5504437.096537025,0.0,0.0,0.0,0.0,0.0,5504437.096537025,0.0,0.0,0.0,0.0,52901.650519569754,249542.29117189485,0.0,4959241.339570528,
oak_cliff_6m_year5_sale_to_lp,6,bottom_up,5968578.052842712,12268818.8634934,5075000.0,0.0,7193818.8634934,0.1711513698833956,1021530.31,1816290.0011718948,429706.52,0.0,2.3772744011424356,0.0,0.0,0.0,0.0,0.0,0.0,0.0,591823.79,0.0,1,0.0,131746.21265506576,0.0,0.0,0.0,0.0,0.0,0.0,0.0,131746.21265506576,,54488.70003515684,537335.0899648432,537335.0899648432,322401.05397890595,134333.7724912108,80600.26349472649,0.20528186107361535,7193818.8634934,4827495.126915462,0.25,0.0,0.0,0.0,0.0,0.0,6168702.681135539,0.0,,5968578.052842712,5968578.052842712,131746.21265506576,212346.47614979226,0.0,0.0,0.0,0.0,0.0,,353910.79358298704,6817963.957441881,212346.47614979226,134333.7724912108,0.0,134333.7724912108,322401.05397890595,80600.26349472649,322401.05397890595,6817963.957441881,5182036.042558119,True,6381049.157285331,True,True,True,False,5182036.042558119,0.0,0.0,0.0,0.0,0.0,343162.5555566726,0.0,0.0,0.0,0.0,54488.70003515684,304030.9912070517,0.0,7606289.9679360185,HURDLE_TRIGGER_ATTEMPTED_BUT_INSUFFICIENT
oak_cliff_6m_year5_sale_to_lp,7,bottom_up,7193818.8634934,13629995.241122538,5075000.0,0.0,8554995.241122538,0.1462611499212883,1052176.2193,1870778.7012070518,429706.52,0.0,2.4485926331767085,0.0,0.0,0.0,0.0,0.0,0.0,0.0,622469.6993,0.0,1,0.0,212346.47614979226,0.0,0.0,0.0,0.0,0.0,0.0,0.0,212346.47614979226,,56123.36103621155,566346.3382637884,566346.3382637884,339807.80295827304,141586.5845659471,84951.95073956826,0.18921471383394484,8554995.241122538,6168702.681135539,0.25,0.0,0.0,0.0,0.0,0.0,7852464.935985371,0.0,,5968578.052842712,5968578.052842712,212346.47614979226,297298.42688936053,0.0,0.0,0.0,0.0,0.0,,495497.3781489341,7157771.760400155,297298.42688936053,141586.5845659471,0.0,141586.5845659471,339807.80295827304,84951.95073956826,339807.80295827304,7157771.760400155,4842228.239599845,True,8149763.362874731,True,True,True,False,4842228.239599845,0.0,0.0,0.0,0.0,0.0,618697.3447177997,0.0,0.0,0.0,0.0,56123.36103621155,360154.3522432632,0.0,10736180.551154556,HURDLE_TRIGGER_ATTEMPTED_BUT_INSUFFICIENT
oak_cliff_6m_year5_sale_plus_refi_to_lp,1,bottom_up,2175000.0,7250000.0,5075000.0,0.0,2175000.0,0.32248689655172413,701409.0,1566747.71,429706.52,800000.0,1.6322977831474375,0.0,0.0,0.0,0.0,0.0,0.0,0.0,-528297.52,231209.5513000001,1,0.0,344090.39999999997,4156000.0,4156000.0,0.0,0.0,0.0,0.0,0.0,344090.39999999997,initial_lp_capital,47002.4313,-575299.9513000001,0.0,0.0,0.0,0.0,0.0,2175000.0,1499909.6,0.25,0.0,0.0,0.0,0.0,0.0,1874887.0,0.0,,0.0,0.0,344090.39999999997,0.0,0.0,0.0,0.0,0.0,0.0,,0.0,0.0,0.0,0.0,0.0,0.0,0.0,0.0,0.0,0.0,12000000.0,False,2418637.0,False,False,False,False,12000000.0,0.0,0.0,0.0,0.0,0.0,12000000.0,0.0,0.0,0.0,0.0,47002.4313,47002.4313,0.0,4049887.0,RE_CASHFLOW_SHORTFALL
oak_cliff_6m_year5_sale_plus_refi_to_lp,2,bottom_up,2175000.0,8054358.5,5075000.0,0.0,2979358.5,0.3558625287356322,774001.0,1613750.1413,429706.52,600000.0,1.8012316871524312,0.0,0.0,0.0,0.0,0.0,0.0,0.0,-255705.52000000002,304118.02423900005,1,0.0,0.0,0.0,0.0,0.0,0.0,0.0,0.0,0.0,0.0,,48412.504239,-304118.02423900005,0.0,0.0,0.0,0.0,0.36982000000000004,2979358.5,1874887.0,0.25,0.0,0.0,0.0,0.0,0.0,2343608.75,0.0,,0.0,0.0,0.0,0.0,0.0,0.0,0.0,0.0,0.0,,0.0,0.0,0.0,0.0,0.0,0.0,0.0,0.0,0.0,0.0,12000000.0,False,3088448.375,False,False,False,False,12000000.0,0.0,0.0,0.0,0.0,0.0,12000000.0,0.0,0.0,0.0,0.0,48412.504239,95414.935539,0.0,5322967.25,RE_CASHFLOW_SHORTFALL
oak_cliff_6m_year5_sale_plus_refi_to_lp,3,bottom_up,2979358.5,8947957.358141,5075000.0,0.0,3872957.3581409995,0.28415277986855225,846593.0,1662162.645539,429706.52,300000.0,1.9701655911574252,0.0,0.0,0.0,0.0,0.0,0.0,0.0,116886.47999999998,0.0,1,0.0,0.0,0.0,0.0,0.0,0.0,0.0,0.0,0.0,0.0,,49864.87936617,67021.60063382998,67021.60063382998,40212.960380297984,16755.400158457494,10053.240095074496,0.2999299540961584,3872957.3581409995,2343608.75,0.25,0.0,0.0,0.0,0.0,0.0,2946266.3376584575,0.0,,0.0,0.0,0.0,10053.240095074496,0.0,0.0,0.0,0.0,0.0,,16755.400158457494,40212.960380297984,10053.240095074496,16755.400158457494,0.0,16755.400158457494,40212.960380297984,10053.240095074496,40212.960380297984,40212.960380297984,11959787.039619703,False,3924558.9172887816,False,False,False,False,11959787.039619703,0.0,0.0,0.0,0.0,0.0,11959787.039619703,0.0,0.0,0.0,0.0,49864.87936617,145279.81490517,0.0,6829276.935894531,
oak_cliff_6m_year5_sale_plus_refi_to_lp,4,bottom_up,3872957.3581409995,9940697.43519731,5075000.0,0.0,4865697.4351973105,0.23733413900565234,919185.0,1712027.52490517,429706.52,100000.0,2.139099495162419,0.0,0.0,0.0,0.0,0.0,0.0,0.0,389478.48,0.0,1,0.0,10053.240095074496,0.0,0.0,0.0,0.0,0.0,0.0,0.0,10053.240095074496,,51360.8257471551,338117.65425284486,338117.65425284486,202870.5925517069,84529.41356321122,50717.64813792673,0.2563261056746624,4865697.4351973105,2946266.3376584575,0.25,0.0,0.0,0.0,0.0,0.0,3767362.3356362833,1845818.4406379934,lp_distribution,1845818.4406379934,1845818.4406379934,10053.240095074496,60770.88823300123,0.0,0.0,0.0,0.0,0.0,,101284.8137216687,2088901.9935699983,60770.88823300123,84529.41356321122,0.0,84529.41356321122,2048689.0331897002,50717.64813792673,2048689.0331897002,2088901.9935699983,9911098.006430002,False,3828133.2238692846,False,False,False,False,9911098.006430002,0.0,0.0,0.0,0.0,0.0,9911098.006430002,0.0,0.0,0.0,0.0,51360.8257471551,196640.6406523251,0.0,6848012.2184286,
oak_cliff_6m_year5_sale_plus_refi_to_lp,5,bottom_up,4865697.4351973105,11043578.052842712,5075000.0,0.0,5968578.052842712,0.20383038880011703,991777.0,1763388.3506523252,429706.52,36000.0,2.308033399167413,0.0,0.0,0.0,0.0,0.0,0.0,0.0,526070.48,0.0,1,0.0,60770.88823300123,0.0,0.0,0.0,0.0,0.0,0.0,0.0,60770.88823300123,,52901.650519569754,473168.8294804302,473168.8294804302,283901.2976882581,118292.20737010756,70975.32442206453,0.22666444684115006,5968578.052842712,3767362.3356362833,0.25,0.0,0.0,0.0,0.0,0.0,4827495.126915462,4122759.6122289347,lp_distribution,5968578.052866928,5968578.052866928,60770.88823300123,131746.21265506576,0.0,0.0,0.0,0.0,0.0,,219577.02109177626,6495562.903487191,131746.21265506576,118292.20737010756,0.0,118292.20737010756,4406660.9099171925,70975.32442206453,4406660.9099171925,6495562.903487191,5504437.096512809,False,4959241.339570528,False,False,False,False,5504437.096512809,0.0,0.0,0.0,0.0,0.0,5504437.096512809,0.0,0.0,0.0,0.0,52901.650519569754,249542.29117189485,0.0,4959241.339546312,
oak_cliff_6m_year5_sale_plus_refi_to_lp,6,bottom_up,5968578.052842712,12268818.8634934,5075000.0,0.0,7193818.8634934,0.1711513698833956,1021530.31,1816290.0011718948,429706.52,0.0,2.3772744011424356,0.0,0.0,0.0,0.0,0.0,0.0,0.0,591823.79,0.0,1,0.0,131746.21265506576,0.0,0.0,0.0,0.0,0.0,0.0,0.0,131746.21265506576,,54488.70003515684,537335.0899648432,537335.0899648432,322401.05397890595,134333.7724912108,80600.26349472649,0.20528186107361535,7193818.8634934,4827495.126915462,0.25,0.0,0.0,0.0,0.0,0.0,6168702.681135539,0.0,,5968578.052866928,5968578.052866928,131746.21265506576,212346.47614979226,0.0,0.0,0.0,0.0,0.0,,353910.79358298704,6817963.957466097,212346.47614979226,134333.7724912108,0.0,134333.7724912108,322401.05397890595,80600.26349472649,322401.05397890595,6817963.957466097,5182036.042533903,True,6381049.157285331,True,True,True,False,5182036.042533903,0.0,0.0,0.0,0.0,0.0,343162.5555324573,0.0,0.0,0.0,0.0,54488.70003515684,304030.9912070517,0.0,7606289.967911802,HURDLE_TRIGGER_ATTEMPTED_BUT_INSUFFICIENT
oak_cliff_6m_year5_sale_plus_refi_to_lp,7,bottom_up,7193818.8634934,13629995.241122538,5075000.0,0.0,8554995.241122538,0.1462611499212883,1052176.2193,1870778.7012070518,429706.52,0.0,2.4485926331767085,0.0,0.0,0.0,0.0,0.0,0.0,0.0,622469.6993,0.0,1,0.0,212346.47614979226,0.0,0.0,0.0,0.0,0.0,0.0,0.0,212346.47614979226,,56123.36103621155,566346.3382637884,566346.3382637884,339807.80295827304,141586.5845659471,84951.95073956826,0.18921471383394484,8554995.241122538,6168702.681135539,0.25,0.0,0.0,0.0,0.0,0.0,7852464.935985371,0.0,,5968578.052866928,5968578.052866928,212346.47614979226,297298.42688936053,0.0,0.0,0.0,0.0,0.0,,495497.3781489341,7157771.76042437,297298.42688936053,141586.5845659471,0.0,141586.5845659471,339807.80295827304,84951.95073956826,339807.80295827304,7157771.76042437,4842228.23957563,True,8149763.362874731,True,True,True,False,4842228.23957563,0.0,0.0,0.0,0.0,0.0,618697.3446935844,0.0,0.0,0.0,0.0,56123.36103621155,360154.3522432632,0.0,10736180.55113034,HURDLE_TRIGGER_ATTEMPTED_BUT_INSUFFICIENT
oak_cliff_6m_year5_sale_hf25_backend_liquidation,1,bottom_up,2175000.0,7250000.0,5075000.0,0.0,2175000.0,0.32248689655172413,701409.0,1566747.71,429706.52,800000.0,1.6322977831474375,0.0,0.0,0.0,0.0,0.0,0.0,0.0,-528297.52,231209.5513000001,1,0.0,344090.39999999997,4156000.0,4156000.0,0.0,0.0,0.0,0.0,0.0,344090.39999999997,initial_lp_capital,47002.4313,-575299.9513000001,0.0,0.0,0.0,0.0,0.0,2175000.0,1499909.6,0.25,0.0,0.0,0.0,0.0,0.0,1874887.0,0.0,,0.0,0.0,344090.39999999997,0.0,0.0,0.0,0.0,0.0,0.0,,0.0,0.0,0.0,0.0,0.0,0.0,0.0,0.0,0.0,0.0,12000000.0,False,2418637.0,False,False,False,False,12000000.0,0.0,0.0,0.0,0.0,0.0,12000000.0,0.0,0.0,0.0,0.0,47002.4313,47002.4313,0.0,4049887.0,RE_CASHFLOW_SHORTFALL
oak_cliff_6m_year5_sale_hf25_backend_liquidation,2,bottom_up,2175000.0,8054358.5,5075000.0,0.0,2979358.5,0.3558625287356322,774001.0,1613750.1413,429706.52,600000.0,1.8012316871524312,0.0,0.0,0.0,0.0,0.0,0.0,0.0,-255705.52000000002,304118.02423900005,1,0.0,0.0,0.0,0.0,0.0,0.0,0.0,0.0,0.0,0.0,,48412.504239,-304118.02423900005,0.0,0.0,0.0,0.0,0.36982000000000004,2979358.5,1874887.0,0.25,0.0,0.0,0.0,0.0,0.0,2343608.75,0.0,,0.0,0.0,0.0,0.0,0.0,0.0,0.0,0.0,0.0,,0.0,0.0,0.0,0.0,0.0,0.0,0.0,0.0,0.0,0.0,12000000.0,False,3088448.375,False,False,False,False,12000000.0,0.0,0.0,0.0,0.0,0.0,12000000.0,0.0,0.0,0.0,0.0,48412.504239,95414.935539,0.0,5322967.25,RE_CASHFLOW_SHORTFALL
oak_cliff_6m_year5_sale_hf25_backend_liquidation,3,bottom_up,2979358.5,8947957.358141,5075000.0,0.0,3872957.3581409995,0.28415277986855225,846593.0,1662162.645539,429706.52,300000.0,1.9701655911574252,0.0,0.0,0.0,0.0,0.0,0.0,0.0,116886.47999999998,0.0,1,0.0,0.0,0.0,0.0,0.0,0.0,0.0,0.0,0.0,0.0,,49864.87936617,67021.60063382998,67021.60063382998,40212.960380297984,16755.400158457494,10053.240095074496,0.2999299540961584,3872957.3581409995,2343608.75,0.25,0.0,0.0,0.0,0.0,0.0,2946266.3376584575,0.0,,0.0,0.0,0.0,10053.240095074496,0.0,0.0,0.0,0.0,0.0,,16755.400158457494,40212.960380297984,10053.240095074496,16755.400158457494,0.0,16755.400158457494,40212.960380297984,10053.240095074496,40212.960380297984,40212.960380297984,11959787.039619703,False,3924558.9172887816,False,False,False,False,11959787.039619703,0.0,0.0,0.0,0.0,0.0,11959787.039619703,0.0,0.0,0.0,0.0,49864.87936617,145279.81490517,0.0,6829276.935894531,
oak_cliff_6m_year5_sale_hf25_backend_liquidation,4,bottom_up,3872957.3581409995,9940697.43519731,5075000.0,0.0,4865697.4351973105,0.23733413900565234,919185.0,1712027.52490517,429706.52,100000.0,2.139099495162419,0.0,0.0,0.0,0.0,0.0,0.0,0.0,389478.48,0.0,1,0.0,10053.240095074496,0.0,0.0,0.0,0.0,0.0,0.0,0.0,10053.240095074496,,51360.8257471551,338117.65425284486,338117.65425284486,202870.5925517069,84529.41356321122,50717.64813792673,0.2563261056746624,4865697.4351973105,2946266.3376584575,0.25,0.0,0.0,0.0,0.0,0.0,3767362.3356362833,0.0,,0.0,0.0,10053.240095074496,60770.88823300123,0.0,0.0,0.0,0.0,0.0,,101284.8137216687,243083.5529320049,60770.88823300123,84529.41356321122,0.0,84529.41356321122,202870.5925517069,50717.64813792673,202870.5925517069,243083.5529320049,11756916.447067995,False,5044557.582668612,False,False,False,False,11756916.447067995,0.0,0.0,0.0,0.0,0.0,11756916.447067995,0.0,0.0,0.0,0.0,51360.8257471551,196640.6406523251,0.0,8693830.659066593,
oak_cliff_6m_year5_sale_hf25_backend_liquidation,5,bottom_up,4865697.4351973105,11043578.052842712,5075000.0,0.0,5968578.052842712,0.20383038880011703,991777.0,1763388.3506523252,429706.52,36000.0,2.308033399167413,0.0,0.0,0.0,0.0,0.0,0.0,0.0,526070.48,0.0,1,0.0,60770.88823300123,0.0,0.0,0.0,0.0,0.0,0.0,0.0,60770.88823300123,,52901.650519569754,473168.8294804302,473168.8294804302,283901.2976882581,118292.20737010756,70975.32442206453,0.22666444684115006,5968578.052842712,3767362.3356362833,0.25,0.0,0.0,0.0,0.0,0.0,4827495.126915462,5968578.052842712,lp_distribution,5968578.052842712,5968578.052842712,60770.88823300123,131746.21265506576,0.0,0.0,0.0,0.0,0.0,,219577.02109177626,6495562.903462975,131746.21265506576,118292.20737010756,0.0,118292.20737010756,6252479.35053097,70975.32442206453,6252479.35053097,6495562.903462975,5504437.096537025,False,4959241.339570528,False,False,False,False,5504437.096537025,0.0,0.0,0.0,0.0,0.0,5504437.096537025,0.0,0.0,0.0,0.0,52901.650519569754,249542.29117189485,0.0,4959241.339570528,
oak_cliff_6m_year5_sale_hf25_backend_liquidation,6,bottom_up,5968578.052842712,12268818.8634934,5075000.0,0.0,7193818.8634934,0.1711513698833956,1021530.31,1816290.0011718948,429706.52,0.0,2.3772744011424356,0.0,0.0,0.0,0.0,0.0,0.0,0.0,591823.79,0.0,1,0.0,131746.21265506576,0.0,0.0,0.0,0.0,0.0,0.0,0.0,131746.21265506576,,54488.70003515684,537335.0899648432,537335.0899648432,322401.05397890595,134333.7724912108,80600.26349472649,0.20528186107361535,7193818.8634934,4827495.126915462,0.25,0.0,0.0,0.0,0.0,0.0,6168702.681135539,0.0,,5968578.052842712,5968578.052842712,131746.21265506576,212346.47614979226,0.0,0.0,0.0,0.0,0.0,,353910.79358298704,6817963.957441881,212346.47614979226,134333.7724912108,0.0,134333.7724912108,322401.05397890595,80600.26349472649,322401.05397890595,6817963.957441881,5182036.042558119,True,6381049.157285331,True,True,True,False,5182036.042558119,0.0,0.0,0.0,0.0,0.0,343162.5555566726,0.0,0.0,0.0,0.0,54488.70003515684,304030.9912070517,0.0,7606289.9679360185,HURDLE_TRIGGER_ATTEMPTED_BUT_INSUFFICIENT
oak_cliff_6m_year5_sale_hf25_backend_liquidation,7,bottom_up,7193818.8634934,13629995.241122538,5075000.0,0.0,8554995.241122538,0.1462611499212883,1052176.2193,1870778.7012070518,429706.52,0.0,2.4485926331767085,0.0,0.0,0.0,0.0,0.0,0.0,0.0,622469.6993,0.0,1,0.0,212346.47614979226,0.0,0.0,0.0,0.0,0.0,0.0,0.0,212346.47614979226,,56123.36103621155,566346.3382637884,566346.3382637884,339807.80295827304,141586.5845659471,84951.95073956826,0.18921471383394484,8554995.241122538,6168702.681135539,0.25,0.0,0.0,0.0,0.0,0.0,3307535.123274886,0.0,,5968578.052842712,5968578.052842712,212346.47614979226,0.0,0.0,0.0,0.0,0.0,0.0,,495497.3781489341,12000000.0,297298.42688936053,141586.5845659471,0.0,141586.5845659471,5182036.042558119,84951.95073956826,5182036.042558119,12000000.0,0.0,True,8149763.362874731,True,True,True,True,4842228.239599845,0.0,297298.42688936053,4544929.8127104845,0.0,0.0,0.0,4544929.8127104845,0.0,0.0,0.0,56123.36103621155,360154.3522432632,5893952.311554713,5893952.311554713,HURDLE_COMPLETION_TRIGGER_EXECUTED
oak_cliff_6m_year5_sale_hf25_backend_liquidation_y6,1,bottom_up,2175000.0,7250000.0,5075000.0,0.0,2175000.0,0.32248689655172413,701409.0,1566747.71,429706.52,800000.0,1.6322977831474375,0.0,0.0,0.0,0.0,0.0,0.0,0.0,-528297.52,231209.5513000001,1,0.0,344090.39999999997,4156000.0,4156000.0,0.0,0.0,0.0,0.0,0.0,344090.39999999997,initial_lp_capital,47002.4313,-575299.9513000001,0.0,0.0,0.0,0.0,0.0,2175000.0,1499909.6,0.25,0.0,0.0,0.0,0.0,0.0,1874887.0,0.0,,0.0,0.0,344090.39999999997,0.0,0.0,0.0,0.0,0.0,0.0,,0.0,0.0,0.0,0.0,0.0,0.0,0.0,0.0,0.0,0.0,12000000.0,False,2418637.0,False,False,False,False,12000000.0,0.0,0.0,0.0,0.0,0.0,12000000.0,0.0,0.0,0.0,0.0,47002.4313,47002.4313,0.0,4049887.0,RE_CASHFLOW_SHORTFALL
oak_cliff_6m_year5_sale_hf25_backend_liquidation_y6,2,bottom_up,2175000.0,8054358.5,5075000.0,0.0,2979358.5,0.3558625287356322,774001.0,1613750.1413,429706.52,600000.0,1.8012316871524312,0.0,0.0,0.0,0.0,0.0,0.0,0.0,-255705.52000000002,304118.02423900005,1,0.0,0.0,0.0,0.0,0.0,0.0,0.0,0.0,0.0,0.0,,48412.504239,-304118.02423900005,0.0,0.0,0.0,0.0,0.36982000000000004,2979358.5,1874887.0,0.25,0.0,0.0,0.0,0.0,0.0,2343608.75,0.0,,0.0,0.0,0.0,0.0,0.0,0.0,0.0,0.0,0.0,,0.0,0.0,0.0,0.0,0.0,0.0,0.0,0.0,0.0,0.0,12000000.0,False,3088448.375,False,False,False,False,12000000.0,0.0,0.0,0.0,0.0,0.0,12000000.0,0.0,0.0,0.0,0.0,48412.504239,95414.935539,0.0,5322967.25,RE_CASHFLOW_SHORTFALL
oak_cliff_6m_year5_sale_hf25_backend_liquidation_y6,3,bottom_up,2979358.5,8947957.358141,5075000.0,0.0,3872957.3581409995,0.28415277986855225,846593.0,1662162.645539,429706.52,300000.0,1.9701655911574252,0.0,0.0,0.0,0.0,0.0,0.0,0.0,116886.47999999998,0.0,1,0.0,0.0,0.0,0.0,0.0,0.0,0.0,0.0,0.0,0.0,,49864.87936617,67021.60063382998,67021.60063382998,40212.960380297984,16755.400158457494,10053.240095074496,0.2999299540961584,3872957.3581409995,2343608.75,0.25,0.0,0.0,0.0,0.0,0.0,2946266.3376584575,0.0,,0.0,0.0,0.0,10053.240095074496,0.0,0.0,0.0,0.0,0.0,,16755.400158457494,40212.960380297984,10053.240095074496,16755.400158457494,0.0,16755.400158457494,40212.960380297984,10053.240095074496,40212.960380297984,40212.960380297984,11959787.039619703,False,3924558.9172887816,False,False,False,False,11959787.039619703,0.0,0.0,0.0,0.0,0.0,11959787.039619703,0.0,0.0,0.0,0.0,49864.87936617,145279.81490517,0.0,6829276.935894531,
oak_cliff_6m_year5_sale_hf25_backend_liquidation_y6,4,bottom_up,3872957.3581409995,9940697.43519731,5075000.0,0.0,4865697.4351973105,0.23733413900565234,919185.0,1712027.52490517,429706.52,100000.0,2.139099495162419,0.0,0.0,0.0,0.0,0.0,0.0,0.0,389478.48,0.0,1,0.0,10053.240095074496,0.0,0.0,0.0,0.0,0.0,0.0,0.0,10053.240095074496,,51360.8257471551,338117.65425284486,338117.65425284486,202870.5925517069,84529.41356321122,50717.64813792673,0.2563261056746624,4865697.4351973105,2946266.3376584575,0.25,0.0,0.0,0.0,0.0,0.0,3767362.3356362833,0.0,,0.0,0.0,10053.240095074496,60770.88823300123,0.0,0.0,0.0,0.0,0.0,,101284.8137216687,243083.5529320049,60770.88823300123,84529.41356321122,0.0,84529.41356321122,202870.5925517069,50717.64813792673,202870.5925517069,243083.5529320049,11756916.447067995,False,5044557.582668612,False,False,False,False,11756916.447067995,0.0,0.0,0.0,0.0,0.0,11756916.447067995,0.0,0.0,0.0,0.0,51360.8257471551,196640.6406523251,0.0,8693830.659066593,
oak_cliff_6m_year5_sale_hf25_backend_liquidation_y6,5,bottom_up,4865697.4351973105,11043578.052842712,5075000.0,0.0,5968578.052842712,0.20383038880011703,991777.0,1763388.3506523252,429706.52,36000.0,2.308033399167413,0.0,0.0,0.0,0.0,0.0,0.0,0.0,526070.48,0.0,1,0.0,60770.88823300123,0.0,0.0,0.0,0.0,0.0,0.0,0.0,60770.88823300123,,52901.650519569754,473168.8294804302,473168.8294804302,283901.2976882581,118292.20737010756,70975.32442206453,0.22666444684115006,5968578.052842712,3767362.3356362833,0.25,0.0,0.0,0.0,0.0,0.0,4827495.126915462,5968578.052842712,lp_distribution,5968578.052842712,5968578.052842712,60770.88823300123,131746.21265506576,0.0,0.0,0.0,0.0,0.0,,219577.02109177626,6495562.903462975,131746.21265506576,118292.20737010756,0.0,118292.20737010756,6252479.35053097,70975.32442206453,6252479.35053097,6495562.903462975,5504437.096537025,False,4959241.339570528,False,False,False,False,5504437.096537025,0.0,0.0,0.0,0.0,0.0,5504437.096537025,0.0,0.0,0.0,0.0,52901.650519569754,249542.29117189485,0.0,4959241.339570528,
oak_cliff_6m_year5_sale_hf25_backend_liquidation_y6,6,bottom_up,5968578.052842712,12268818.8634934,5075000.0,0.0,7193818.8634934,0.1711513698833956,1021530.31,1816290.0011718948,429706.52,0.0,2.3772744011424356,0.0,0.0,0.0,0.0,0.0,0.0,0.0,591823.79,0.0,1,0.0,131746.21265506576,0.0,0.0,0.0,0.0,0.0,0.0,0.0,131746.21265506576,,54488.70003515684,537335.0899648432,537335.0899648432,322401.05397890595,134333.7724912108,80600.26349472649,0.20528186107361535,7193818.8634934,4827495.126915462,0.25,0.0,0.0,0.0,0.0,0.0,6168702.681135539,0.0,,5968578.052842712,5968578.052842712,131746.21265506576,212346.47614979226,0.0,0.0,0.0,0.0,0.0,,353910.79358298704,6817963.957441881,212346.47614979226,134333.7724912108,0.0,134333.7724912108,322401.05397890595,80600.26349472649,322401.05397890595,6817963.957441881,5182036.042558119,True,6381049.157285331,True,True,True,False,5182036.042558119,0.0,0.0,0.0,0.0,0.0,343162.5555566726,0.0,0.0,0.0,0.0,54488.70003515684,304030.9912070517,0.0,7606289.9679360185,HURDLE_TRIGGER_ATTEMPTED_BUT_INSUFFICIENT
oak_cliff_6m_year5_sale_hf25_backend_liquidation_y6,7,bottom_up,7193818.8634934,13629995.241122538,5075000.0,0.0,8554995.241122538,0.1462611499212883,1052176.2193,1870778.7012070518,429706.52,0.0,2.4485926331767085,0.0,0.0,0.0,0.0,0.0,0.0,0.0,622469.6993,0.0,1,0.0,212346.47614979226,0.0,0.0,0.0,0.0,0.0,0.0,0.0,212346.47614979226,,56123.36103621155,566346.3382637884,566346.3382637884,339807.80295827304,141586.5845659471,84951.95073956826,0.18921471383394484,8554995.241122538,6168702.681135539,0.25,0.0,0.0,0.0,0.0,0.0,3307535.123274886,0.0,,5968578.052842712,5968578.052842712,212346.47614979226,0.0,0.0,0.0,0.0,0.0,0.0,,495497.3781489341,12000000.0,297298.42688936053,141586.5845659471,0.0,141586.5845659471,5182036.042558119,84951.95073956826,5182036.042558119,12000000.0,0.0,True,8149763.362874731,True,True,True,True,4842228.239599845,0.0,297298.42688936053,4544929.8127104845,0.0,0.0,0.0,4544929.8127104845,0.0,0.0,0.0,56123.36103621155,360154.3522432632,5893952.311554713,5893952.311554713,HURDLE_COMPLETION_TRIGGER_EXECUTED
oak_cliff_6m_year5_sale_hf25_backend_liquidation_y5,1,bottom_up,2175000.0,7250000.0,5075000.0,0.0,2175000.0,0.32248689655172413,701409.0,1566747.71,429706.52,800000.0,1.6322977831474375,0.0,0.0,0.0,0.0,0.0,0.0,0.0,-528297.52,231209.5513000001,1,0.0,344090.39999999997,4156000.0,4156000.0,0.0,0.0,0.0,0.0,0.0,344090.39999999997,initial_lp_capital,47002.4313,-575299.9513000001,0.0,0.0,0.0,0.0,0.0,2175000.0,1499909.6,0.25,0.0,0.0,0.0,0.0,0.0,1874887.0,0.0,,0.0,0.0,344090.39999999997,0.0,0.0,0.0,0.0,0.0,0.0,,0.0,0.0,0.0,0.0,0.0,0.0,0.0,0.0,0.0,0.0,12000000.0,False,2418637.0,False,False,False,False,12000000.0,0.0,0.0,0.0,0.0,0.0,12000000.0,0.0,0.0,0.0,0.0,47002.4313,47002.4313,0.0,4049887.0,RE_CASHFLOW_SHORTFALL
oak_cliff_6m_year5_sale_hf25_backend_liquidation_y5,2,bottom_up,2175000.0,8054358.5,5075000.0,0.0,2979358.5,0.3558625287356322,774001.0,1613750.1413,429706.52,600000.0,1.8012316871524312,0.0,0.0,0.0,0.0,0.0,0.0,0.0,-255705.52000000002,304118.02423900005,1,0.0,0.0,0.0,0.0,0.0,0.0,0.0,0.0,0.0,0.0,,48412.504239,-304118.02423900005,0.0,0.0,0.0,0.0,0.36982000000000004,2979358.5,1874887.0,0.25,0.0,0.0,0.0,0.0,0.0,2343608.75,0.0,,0.0,0.0,0.0,0.0,0.0,0.0,0.0,0.0,0.0,,0.0,0.0,0.0,0.0,0.0,0.0,0.0,0.0,0.0,0.0,12000000.0,False,3088448.375,False,False,False,False,12000000.0,0.0,0.0,0.0,0.0,0.0,12000000.0,0.0,0.0,0.0,0.0,48412.504239,95414.935539,0.0,5322967.25,RE_CASHFLOW_SHORTFALL
oak_cliff_6m_year5_sale_hf25_backend_liquidation_y5,3,bottom_up,2979358.5,8947957.358141,5075000.0,0.0,3872957.3581409995,0.28415277986855225,846593.0,1662162.645539,429706.52,300000.0,1.9701655911574252,0.0,0.0,0.0,0.0,0.0,0.0,0.0,116886.47999999998,0.0,1,0.0,0.0,0.0,0.0,0.0,0.0,0.0,0.0,0.0,0.0,,49864.87936617,67021.60063382998,67021.60063382998,40212.960380297984,16755.400158457494,10053.240095074496,0.2999299540961584,3872957.3581409995,2343608.75,0.25,0.0,0.0,0.0,0.0,0.0,2946266.3376584575,0.0,,0.0,0.0,0.0,10053.240095074496,0.0,0.0,0.0,0.0,0.0,,16755.400158457494,40212.960380297984,10053.240095074496,16755.400158457494,0.0,16755.400158457494,40212.960380297984,10053.240095074496,40212.960380297984,40212.960380297984,11959787.039619703,False,3924558.9172887816,False,False,False,False,11959787.039619703,0.0,0.0,0.0,0.0,0.0,11959787.039619703,0.0,0.0,0.0,0.0,49864.87936617,145279.81490517,0.0,6829276.935894531,
oak_cliff_6m_year5_sale_hf25_backend_liquidation_y5,4,bottom_up,3872957.3581409995,9940697.43519731,5075000.0,0.0,4865697.4351973105,0.23733413900565234,919185.0,1712027.52490517,429706.52,100000.0,2.139099495162419,0.0,0.0,0.0,0.0,0.0,0.0,0.0,389478.48,0.0,1,0.0,10053.240095074496,0.0,0.0,0.0,0.0,0.0,0.0,0.0,10053.240095074496,,51360.8257471551,338117.65425284486,338117.65425284486,202870.5925517069,84529.41356321122,50717.64813792673,0.2563261056746624,4865697.4351973105,2946266.3376584575,0.25,0.0,0.0,0.0,0.0,0.0,3767362.3356362833,0.0,,0.0,0.0,10053.240095074496,60770.88823300123,0.0,0.0,0.0,0.0,0.0,,101284.8137216687,243083.5529320049,60770.88823300123,84529.41356321122,0.0,84529.41356321122,202870.5925517069,50717.64813792673,202870.5925517069,243083.5529320049,11756916.447067995,False,5044557.582668612,False,False,False,False,11756916.447067995,0.0,0.0,0.0,0.0,0.0,11756916.447067995,0.0,0.0,0.0,0.0,51360.8257471551,196640.6406523251,0.0,8693830.659066593,
oak_cliff_6m_year5_sale_hf25_backend_liquidation_y5,5,bottom_up,4865697.4351973105,11043578.052842712,5075000.0,0.0,5968578.052842712,0.20383038880011703,991777.0,1763388.3506523252,429706.52,36000.0,2.308033399167413,0.0,0.0,0.0,0.0,0.0,0.0,0.0,526070.48,0.0,1,0.0,60770.88823300123,0.0,0.0,0.0,0.0,0.0,0.0,0.0,60770.88823300123,,52901.650519569754,473168.8294804302,473168.8294804302,283901.2976882581,118292.20737010756,70975.32442206453,0.22666444684115006,5968578.052842712,3767362.3356362833,0.25,0.0,0.0,0.0,0.0,0.0,4827495.126915462,5968578.052842712,lp_distribution,5968578.052842712,5968578.052842712,60770.88823300123,131746.21265506576,0.0,0.0,0.0,0.0,0.0,,219577.02109177626,6495562.903462975,131746.21265506576,118292.20737010756,0.0,118292.20737010756,6252479.35053097,70975.32442206453,6252479.35053097,6495562.903462975,5504437.096537025,False,4959241.339570528,False,False,False,False,5504437.096537025,0.0,0.0,0.0,0.0,0.0,5504437.096537025,0.0,0.0,0.0,0.0,52901.650519569754,249542.29117189485,0.0,4959241.339570528,
oak_cliff_6m_year5_sale_hf25_backend_liquidation_y5,6,bottom_up,5968578.052842712,12268818.8634934,5075000.0,0.0,7193818.8634934,0.1711513698833956,1021530.31,1816290.0011718948,429706.52,0.0,2.3772744011424356,0.0,0.0,0.0,0.0,0.0,0.0,0.0,591823.79,0.0,1,0.0,131746.21265506576,0.0,0.0,0.0,0.0,0.0,0.0,0.0,131746.21265506576,,54488.70003515684,537335.0899648432,537335.0899648432,322401.05397890595,134333.7724912108,80600.26349472649,0.20528186107361535,7193818.8634934,4827495.126915462,0.25,0.0,0.0,0.0,0.0,0.0,6168702.681135539,0.0,,5968578.052842712,5968578.052842712,131746.21265506576,212346.47614979226,0.0,0.0,0.0,0.0,0.0,,353910.79358298704,6817963.957441881,212346.47614979226,134333.7724912108,0.0,134333.7724912108,322401.05397890595,80600.26349472649,322401.05397890595,6817963.957441881,5182036.042558119,True,6381049.157285331,True,True,True,False,5182036.042558119,0.0,0.0,0.0,0.0,0.0,343162.5555566726,0.0,0.0,0.0,0.0,54488.70003515684,304030.9912070517,0.0,7606289.9679360185,HURDLE_TRIGGER_ATTEMPTED_BUT_INSUFFICIENT
oak_cliff_6m_year5_sale_hf25_backend_liquidation_y5,7,bottom_up,7193818.8634934,13629995.241122538,5075000.0,0.0,8554995.241122538,0.1462611499212883,1052176.2193,1870778.7012070518,429706.52,0.0,2.4485926331767085,0.0,0.0,0.0,0.0,0.0,0.0,0.0,622469.6993,0.0,1,0.0,212346.47614979226,0.0,0.0,0.0,0.0,0.0,0.0,0.0,212346.47614979226,,56123.36103621155,566346.3382637884,566346.3382637884,339807.80295827304,141586.5845659471,84951.95073956826,0.18921471383394484,8554995.241122538,6168702.681135539,0.25,0.0,0.0,0.0,0.0,0.0,3307535.123274886,0.0,,5968578.052842712,5968578.052842712,212346.47614979226,0.0,0.0,0.0,0.0,0.0,0.0,,495497.3781489341,12000000.0,297298.42688936053,141586.5845659471,0.0,141586.5845659471,5182036.042558119,84951.95073956826,5182036.042558119,12000000.0,0.0,True,8149763.362874731,True,True,True,True,4842228.239599845,0.0,297298.42688936053,4544929.8127104845,0.0,0.0,0.0,4544929.8127104845,0.0,0.0,0.0,56123.36103621155,360154.3522432632,5893952.311554713,5893952.311554713,HURDLE_COMPLETION_TRIGGER_EXECUTED
oak_cliff_6m_year5_sale_hf25_backend_liquidation_100pct,1,bottom_up,2175000.0,7250000.0,5075000.0,0.0,2175000.0,0.32248689655172413,701409.0,1566747.71,429706.52,800000.0,1.6322977831474375,0.0,0.0,0.0,0.0,0.0,0.0,0.0,-528297.52,231209.5513000001,1,0.0,344090.39999999997,4156000.0,4156000.0,0.0,0.0,0.0,0.0,0.0,344090.39999999997,initial_lp_capital,47002.4313,-575299.9513000001,0.0,0.0,0.0,0.0,0.0,2175000.0,1499909.6,0.25,0.0,0.0,0.0,0.0,0.0,1874887.0,0.0,,0.0,0.0,344090.39999999997,0.0,0.0,0.0,0.0,0.0,0.0,,0.0,0.0,0.0,0.0,0.0,0.0,0.0,0.0,0.0,0.0,12000000.0,False,2418637.0,False,False,False,False,12000000.0,0.0,0.0,0.0,0.0,0.0,12000000.0,0.0,0.0,0.0,0.0,47002.4313,47002.4313,0.0,4049887.0,RE_CASHFLOW_SHORTFALL
oak_cliff_6m_year5_sale_hf25_backend_liquidation_100pct,2,bottom_up,2175000.0,8054358.5,5075000.0,0.0,2979358.5,0.3558625287356322,774001.0,1613750.1413,429706.52,600000.0,1.8012316871524312,0.0,0.0,0.0,0.0,0.0,0.0,0.0,-255705.52000000002,304118.02423900005,1,0.0,0.0,0.0,0.0,0.0,0.0,0.0,0.0,0.0,0.0,,48412.504239,-304118.02423900005,0.0,0.0,0.0,0.0,0.36982000000000004,2979358.5,1874887.0,0.25,0.0,0.0,0.0,0.0,0.0,2343608.75,0.0,,0.0,0.0,0.0,0.0,0.0,0.0,0.0,0.0,0.0,,0.0,0.0,0.0,0.0,0.0,0.0,0.0,0.0,0.0,0.0,12000000.0,False,3088448.375,False,False,False,False,12000000.0,0.0,0.0,0.0,0.0,0.0,12000000.0,0.0,0.0,0.0,0.0,48412.504239,95414.935539,0.0,5322967.25,RE_CASHFLOW_SHORTFALL
oak_cliff_6m_year5_sale_hf25_backend_liquidation_100pct,3,bottom_up,2979358.5,8947957.358141,5075000.0,0.0,3872957.3581409995,0.28415277986855225,846593.0,1662162.645539,429706.52,300000.0,1.9701655911574252,0.0,0.0,0.0,0.0,0.0,0.0,0.0,116886.47999999998,0.0,1,0.0,0.0,0.0,0.0,0.0,0.0,0.0,0.0,0.0,0.0,,49864.87936617,67021.60063382998,67021.60063382998,40212.960380297984,16755.400158457494,10053.240095074496,0.2999299540961584,3872957.3581409995,2343608.75,0.25,0.0,0.0,0.0,0.0,0.0,2946266.3376584575,0.0,,0.0,0.0,0.0,10053.240095074496,0.0,0.0,0.0,0.0,0.0,,16755.400158457494,40212.960380297984,10053.240095074496,16755.400158457494,0.0,16755.400158457494,40212.960380297984,10053.240095074496,40212.960380297984,40212.960380297984,11959787.039619703,False,3924558.9172887816,False,False,False,False,11959787.039619703,0.0,0.0,0.0,0.0,0.0,11959787.039619703,0.0,0.0,0.0,0.0,49864.87936617,145279.81490517,0.0,6829276.935894531,
oak_cliff_6m_year5_sale_hf25_backend_liquidation_100pct,4,bottom_up,3872957.3581409995,9940697.43519731,5075000.0,0.0,4865697.4351973105,0.23733413900565234,919185.0,1712027.52490517,429706.52,100000.0,2.139099495162419,0.0,0.0,0.0,0.0,0.0,0.0,0.0,389478.48,0.0,1,0.0,10053.240095074496,0.0,0.0,0.0,0.0,0.0,0.0,0.0,10053.240095074496,,51360.8257471551,338117.65425284486,338117.65425284486,202870.5925517069,84529.41356321122,50717.64813792673,0.2563261056746624,4865697.4351973105,2946266.3376584575,0.25,0.0,0.0,0.0,0.0,0.0,3767362.3356362833,0.0,,0.0,0.0,10053.240095074496,60770.88823300123,0.0,0.0,0.0,0.0,0.0,,101284.8137216687,243083.5529320049,60770.88823300123,84529.41356321122,0.0,84529.41356321122,202870.5925517069,50717.64813792673,202870.5925517069,243083.5529320049,11756916.447067995,False,5044557.582668612,False,False,False,False,11756916.447067995,0.0,0.0,0.0,0.0,0.0,11756916.447067995,0.0,0.0,0.0,0.0,51360.8257471551,196640.6406523251,0.0,8693830.659066593,
oak_cliff_6m_year5_sale_hf25_backend_liquidation_100pct,5,bottom_up,4865697.4351973105,11043578.052842712,5075000.0,0.0,5968578.052842712,0.20383038880011703,991777.0,1763388.3506523252,429706.52,36000.0,2.308033399167413,0.0,0.0,0.0,0.0,0.0,0.0,0.0,526070.48,0.0,1,0.0,60770.88823300123,0.0,0.0,0.0,0.0,0.0,0.0,0.0,60770.88823300123,,52901.650519569754,473168.8294804302,473168.8294804302,283901.2976882581,118292.20737010756,70975.32442206453,0.22666444684115006,5968578.052842712,3767362.3356362833,0.25,0.0,0.0,0.0,0.0,0.0,4827495.126915462,5968578.052842712,lp_distribution,5968578.052842712,5968578.052842712,60770.88823300123,131746.21265506576,0.0,0.0,0.0,0.0,0.0,,219577.02109177626,6495562.903462975,131746.21265506576,118292.20737010756,0.0,118292.20737010756,6252479.35053097,70975.32442206453,6252479.35053097,6495562.903462975,5504437.096537025,False,4959241.339570528,False,False,False,False,5504437.096537025,0.0,0.0,0.0,0.0,0.0,5504437.096537025,0.0,0.0,0.0,0.0,52901.650519569754,249542.29117189485,0.0,4959241.339570528,
oak_cliff_6m_year5_sale_hf25_backend_liquidation_100pct,6,bottom_up,5968578.052842712,12268818.8634934,5075000.0,0.0,7193818.8634934,0.1711513698833956,1021530.31,1816290.0011718948,429706.52,0.0,2.3772744011424356,0.0,0.0,0.0,0.0,0.0,0.0,0.0,591823.79,0.0,1,0.0,131746.21265506576,0.0,0.0,0.0,0.0,0.0,0.0,0.0,131746.21265506576,,54488.70003515684,537335.0899648432,537335.0899648432,322401.05397890595,134333.7724912108,80600.26349472649,0.20528186107361535,7193818.8634934,4827495.126915462,0.25,0.0,0.0,0.0,0.0,0.0,1199013.114727212,0.0,,5968578.052842712,5968578.052842712,131746.21265506576,0.0,0.0,0.0,0.0,0.0,0.0,,353910.79358298704,12000000.0,212346.47614979226,134333.7724912108,0.0,134333.7724912108,5504437.096537025,80600.26349472649,5504437.096537025,12000000.0,0.0,True,6381049.157285331,True,True,True,True,5182036.042558119,0.0,212346.47614979226,4969689.566408327,0.0,0.0,0.0,4969689.566408327,0.0,0.0,0.0,54488.70003515684,304030.9912070517,2424253.9253779,2424253.9253779,HURDLE_COMPLETION_TRIGGER_EXECUTED
oak_cliff_downside_no_refi,1,bottom_up,2175000.0,7250000.0,5075000.0,0.0,2175000.0,0.2988505747126437,650000.0,1566747.71,429706.52,900000.0,1.5126603152309628,0.0,0.0,0.0,0.0,0.0,0.0,0.0,-679706.52,0.0,1,0.0,1168800.0,4156000.0,4156000.0,0.0,0.0,0.0,0.0,0.0,1168800.0,initial_lp_capital,47002.4313,-726708.9513000001,0.0,0.0,0.0,0.0,0.0,2175000.0,4675200.0,-0.08,0.0,0.0,0.0,0.0,0.0,4301184.0,0.0,,0.0,0.0,1168800.0,442091.0486999999,0.0,0.0,0.0,0.0,0.0,,0.0,0.0,0.0,0.0,0.0,0.0,0.0,0.0,0.0,0.0,20000000.0,False,5287025.0487,False,False,False,False,20000000.0,0.0,0.0,0.0,0.0,0.0,20000000.0,0.0,0.0,0.0,0.0,47002.4313,47002.4313,0.0,6918275.0487,
oak_cliff_downside_no_refi,2,bottom_up,2175000.0,7685000.0,5075000.0,0.0,2610000.0,0.3275862068965517,712500.0,1613750.1413,429706.52,700000.0,1.6581084224647091,0.0,0.0,0.0,0.0,0.0,0.0,0.0,-417206.52,23527.975539000123,1,0.0,442091.0486999999,0.0,0.0,0.0,0.0,0.0,0.0,0.0,442091.0486999999,,48412.504239,-465619.02423900005,0.0,0.0,0.0,0.0,0.19999999999999996,2610000.0,4301184.0,-0.07,0.0,0.0,0.0,0.0,0.0,4000101.1199999996,0.0,,0.0,0.0,442091.0486999999,0.0,0.0,0.0,0.0,0.0,0.0,,0.0,0.0,0.0,0.0,0.0,0.0,0.0,0.0,0.0,0.0,20000000.0,False,4652601.119999999,False,False,False,False,20000000.0,0.0,0.0,0.0,0.0,0.0,20000000.0,0.0,0.0,0.0,0.0,48412.504239,95414.935539,0.0,6610101.119999999,RE_CASHFLOW_SHORTFALL
oak_cliff_downside_no_refi,3,bottom_up,2610000.0,8146100.000000001,5075000.0,0.0,3071100.000000001,0.29693486590038315,775000.0,1662162.645539,429706.52,400000.0,1.8035565296984555,0.0,0.0,0.0,0.0,0.0,0.0,0.0,-54706.52000000002,104571.39936617002,1,0.0,0.0,0.0,0.0,0.0,0.0,0.0,0.0,0.0,0.0,,49864.87936617,-104571.39936617002,0.0,0.0,0.0,0.0,0.17666666666666697,3071100.000000001,4000101.1199999996,0.0,0.0,0.0,0.0,0.0,0.0,4000101.1199999996,0.0,,0.0,0.0,0.0,0.0,0.0,0.0,0.0,0.0,0.0,,0.0,0.0,0.0,0.0,0.0,0.0,0.0,0.0,0.0,0.0,20000000.0,False,4767876.12,False,False,False,False,20000000.0,0.0,0.0,0.0,0.0,0.0,20000000.0,0.0,0.0,0.0,0.0,49864.87936617,145279.81490517,0.0,7071201.120000001,RE_CASHFLOW_SHORTFALL
oak_cliff_downside_no_refi,4,bottom_up,3071100.000000001,8634866.0,5075000.0,0.0,3559866.0,0.27270359154700263,837500.0,1712027.52490517,429706.52,150000.0,1.9490046369322018,0.0,0.0,0.0,0.0,0.0,0.0,0.0,257793.47999999998,0.0,1,0.0,0.0,0.0,0.0,0.0,0.0,0.0,0.0,0.0,0.0,,51360.8257471551,206432.6542528449,206432.6542528449,123859.59255170693,51608.16356321122,30964.89813792673,0.15915014164305918,3559866.0,4000101.1199999996,0.06,0.0,0.0,0.0,0.0,0.0,4291715.350763211,0.0,,0.0,0.0,0.0,30964.89813792673,0.0,0.0,0.0,0.0,0.0,,51608.16356321122,123859.59255170693,30964.89813792673,51608.16356321122,0.0,51608.16356321122,123859.59255170693,30964.89813792673,123859.59255170693,123859.59255170693,19876140.40744829,False,5212646.748901138,False,False,False,False,19876140.40744829,0.0,0.0,0.0,0.0,0.0,19876140.40744829,0.0,0.0,0.0,0.0,51360.8257471551,196640.6406523251,0.0,7882546.248901138,
oak_cliff_downside_no_refi,5,bottom_up,3559866.0,9152957.960000003,5075000.0,0.0,4077957.9600000028,0.2528185049661982,900000.0,1763388.3506523252,429706.52,50000.0,2.0944527441659484,0.0,0.0,0.0,0.0,0.0,0.0,0.0,420293.48,0.0,1,0.0,30964.89813792673,0.0,0.0,0.0,0.0,0.0,0.0,0.0,30964.89813792673,,52901.650519569754,367391.8294804302,367391.8294804302,220435.09768825813,91847.95737010756,55108.77442206453,0.1455369275135645,4077957.9600000028,4291715.350763211,0.08,0.0,0.0,0.0,0.0,0.0,4726900.536194377,0.0,,0.0,0.0,30964.89813792673,86073.67255999126,0.0,0.0,0.0,0.0,0.0,,143456.12093331877,344294.69023996504,86073.67255999126,91847.95737010756,0.0,91847.95737010756,220435.09768825813,55108.77442206453,220435.09768825813,344294.69023996504,19655705.309760034,False,5832463.698754368,False,False,False,False,19655705.309760034,0.0,0.0,0.0,0.0,0.0,19655705.309760034,0.0,0.0,0.0,0.0,52901.650519569754,249542.29117189485,0.0,8890932.16875437,
oak_cliff_downside_no_refi,6,bottom_up,4077957.9600000028,9702135.437600002,5075000.0,0.0,4627135.437600002,0.2251126688907797,918000.0,1816290.0011718948,429706.52,0.0,2.1363417990492675,0.0,0.0,0.0,0.0,0.0,0.0,0.0,488293.48,0.0,1,0.0,86073.67255999126,0.0,0.0,0.0,0.0,0.0,0.0,0.0,86073.67255999126,,54488.70003515684,433804.7799648431,433804.7799648431,260282.86797890585,108451.19499121078,65070.71699472646,0.13466972513860798,4627135.437600002,4726900.536194377,0.08,0.0,0.0,0.0,0.0,0.0,5213503.774081138,0.0,,0.0,0.0,86073.67255999126,151144.38955471772,0.0,0.0,0.0,0.0,0.0,,251907.31592452957,604577.5582188709,151144.38955471772,108451.19499121078,0.0,108451.19499121078,260282.86797890585,65070.71699472646,260282.86797890585,604577.5582188709,19395422.44178113,False,6521432.023035856,False,False,False,False,19395422.44178113,0.0,0.0,0.0,0.0,0.0,19395422.44178113,0.0,0.0,0.0,0.0,54488.70003515684,304030.9912070517,0.0,9991783.601235857,
oak_cliff_downside_no_refi,7,bottom_up,4627135.437600002,10284263.563856002,5075000.0,0.0,5209263.563856002,0.20236278203381708,936360.0,1870778.7012070518,429706.52,0.0,2.179068635030253,0.0,0.0,0.0,0.0,0.0,0.0,0.0,506653.48,0.0,1,0.0,151144.38955471772,0.0,0.0,0.0,0.0,0.0,0.0,0.0,151144.38955471772,,56123.36103621155,450530.11896378844,450530.11896378844,270318.0713782731,112632.52974094711,67579.51784456827,0.12580745346800093,5209263.563856002,5213503.774081138,0.08,0.0,0.0,0.0,0.0,0.0,5743216.605748577,0.0,,0.0,0.0,151144.38955471772,218723.907399286,0.0,0.0,0.0,0.0,0.0,,364539.8456654767,874895.629597144,218723.907399286,112632.52974094711,0.0,112632.52974094711,270318.0713782731,67579.51784456827,270318.0713782731,874895.629597144,19125104.370402858,False,7264256.404111863,False,False,False,False,19125104.370402858,0.0,0.0,0.0,0.0,0.0,19125104.370402858,0.0,0.0,0.0,0.0,56123.36103621155,360154.3522432632,0.0,11171204.077003865,
